"team","win","is_home","Off_PC1","Off_PC2","Off_PC3","Def_PC1","Def_PC2","Def_PC3"
"味全龍",TRUE,TRUE,-0.183788262001737,0.507034717134388,-1.16507825951139,-1.50131560346417,0.486062326689462,0.0862561633708539
"樂天桃猿",FALSE,FALSE,-1.38142286038728,0.00763200406692763,0.0695506166665517,1.0451896031981,-1.36186593165005,1.90050133786731
"中信兄弟",TRUE,TRUE,1.08969022906949,1.14781598157227,-1.54023110775116,0.18714112690052,0.511654640378671,0.44456515713723
"台鋼雄鷹",FALSE,FALSE,-0.16543673484277,-0.411433208862674,-1.00308302319835,2.66652022573471,-0.883135648271246,1.720586322042
"台鋼雄鷹",FALSE,TRUE,-0.0368270334410665,0.54819424214677,1.10938128997666,0.632839192379417,0.465401469449509,-0.953796599663106
"統一7-ELEVEn獅",TRUE,FALSE,1.43688000218012,0.923444263419914,1.29977219324657,0.0159956128090372,-0.00485360252171618,-0.0459345351165237
"中信兄弟",TRUE,TRUE,4.95516126046442,-0.643442083220355,-3.2978314179683,-0.484151180821896,0.366099720293957,1.1941535602697
"樂天桃猿",FALSE,FALSE,-2.49956140740998,0.746568756686083,-0.0106520437737696,5.33956539092564,-0.334733015462189,-1.33669633900263
"味全龍",TRUE,TRUE,-2.52142940225144,-2.45026895397381,0.956520198536616,-1.4318508413918,0.191034974036844,1.12745376528755
"富邦悍將",FALSE,FALSE,-2.54589362458548,0.0743353845594073,0.298524608316079,-4.00453152482532,-2.22959197888201,-2.68007392397778
"台鋼雄鷹",TRUE,TRUE,2.03497632416899,-0.38645081646361,-0.44451201272301,-0.844526589403172,0.0461082289117829,2.03602450032581
"統一7-ELEVEn獅",FALSE,FALSE,-1.71293562068806,0.0650245253820535,-0.382303145166098,2.62597163792238,-1.59175890589895,0.36166055332213
"中信兄弟",FALSE,TRUE,1.20499568661319,-1.72063248909446,0.461503689052008,0.326746497730502,0.107322491731853,0.803153197967099
"樂天桃猿",TRUE,FALSE,1.93713662779506,-1.05402880767695,-0.186900515852003,-1.18087659332358,0.137590573010986,-1.09331436539002
"味全龍",FALSE,TRUE,-0.820301605738882,0.0780566616885974,0.39140264161225,2.69843475055254,1.17349228701978,0.364757446155145
"富邦悍將",TRUE,FALSE,2.93452306110433,1.02844189830406,-1.60048408001472,-1.48862138007571,-0.0455709030898587,0.741787097635927
"台鋼雄鷹",TRUE,TRUE,-0.798523694980681,1.05426870784695,0.713843226060772,-1.3413954237875,1.91964239915192,0.75517812290484
"統一7-ELEVEn獅",FALSE,FALSE,1.11792829663885,0.177696808079306,1.90737269897476,0.110890573813133,0.811244713364439,-0.516963252947614
"富邦悍將",TRUE,TRUE,-0.776939041823538,-0.870306403728616,1.8028889092231,-1.45892076802192,-0.0367415891301719,0.511399313844739
"樂天桃猿",FALSE,FALSE,-1.39284262082479,-0.107087802223386,1.01786339666078,-1.57287520972041,-2.83367807306811,-0.645662626433261
"味全龍",FALSE,TRUE,-2.86766266416322,-0.24415504302881,0.27114127075559,1.11337658930174,1.13479980996086,-0.323557108566922
"統一7-ELEVEn獅",TRUE,FALSE,0.58996908664953,0.305792864167388,-1.27617388136755,-2.09296047980776,0.0848456135487363,0.850482355495602
"富邦悍將",FALSE,TRUE,-0.910215169847219,1.20495929576697,0.33481097215223,-1.59545842824903,-0.587623978031957,-0.893859310903802
"樂天桃猿",TRUE,FALSE,-1.36061686592002,-0.0515694574474911,1.39952072009052,0.478518764211335,0.803646621059496,0.395690601796313
"中信兄弟",TRUE,FALSE,1.72447966084211,1.44701455156155,1.40996287752549,-2.54965377466712,0.141211959388997,-1.02506132944893
"樂天桃猿",FALSE,TRUE,-2.35266408307418,-1.62717117790538,-0.579988475546607,1.86738410147161,0.90573675884424,-0.254455929872538
"味全龍",FALSE,TRUE,1.32891694318765,-2.76475320318613,-1.58144254663163,-0.174947950843401,0.272264594159643,-0.0987121473593119
"統一7-ELEVEn獅",TRUE,FALSE,-0.131723962602217,-0.71040322667344,-0.711228887377935,-0.407510484388407,-0.0310934350127404,0.183725834930235
"中信兄弟",TRUE,FALSE,4.79143585865785,0.305085244760695,-0.219402842047631,-3.54565939387472,-1.05856563596587,0.815135165818938
"台鋼雄鷹",FALSE,TRUE,-2.99837664861874,-1.31386675242587,0.43618205805135,2.19106183861941,1.12251208238394,-0.0947866178527361
"中信兄弟",FALSE,FALSE,2.14077860968552,-1.23372326411605,1.01951913407558,4.97348749630194,-0.176966268676208,-2.15650065614163
"台鋼雄鷹",TRUE,TRUE,6.30543619188229,0.812254605576892,0.2545138646564,0.202368365674831,-0.195981345875496,-1.21471655509018
"台鋼雄鷹",FALSE,FALSE,-1.01764200616415,-0.337142628748567,-1.59192119314081,0.380738986447316,-1.13377165510984,1.24730822155273
"富邦悍將",TRUE,TRUE,-1.25777865293933,0.585870900350424,-0.432494549500812,-0.256634097637535,0.676174743571033,0.0374833280399423
"味全龍",TRUE,FALSE,0.117323985883158,1.21148977492322,-0.138825778823947,-0.271828227988786,-0.226094397768099,0.0897151594371836
"樂天桃猿",FALSE,TRUE,0.270161309002409,-2.06304478587927,-1.85949286951434,0.867851108606164,0.864103100185929,0.643228794582786
"中信兄弟",TRUE,FALSE,8.64385753669682,-1.64134754961193,-0.238063593426221,-0.515565462038335,0.437871851497415,0.0393930995082377
"統一7-ELEVEn獅",FALSE,TRUE,-1.91495961008655,0.771647900506433,-0.13345735474943,4.52687414320944,1.43936819100226,-2.76057631422241
"台鋼雄鷹",TRUE,FALSE,-2.04108018701525,1.1532376628818,-1.06588682683096,0.0423060781756862,0.60060841429213,2.17625247464046
"富邦悍將",FALSE,TRUE,-0.516648567190657,0.554253846592574,-1.22731526992355,-0.59047899148336,1.05704031495082,0.252177725119402
"味全龍",FALSE,FALSE,-3.5771692664735,-0.567345126579892,0.801282798117181,1.59002784445172,-1.60319905905591,0.896664173007443
"樂天桃猿",TRUE,TRUE,-1.91090212492383,0.897700356108537,-0.572790900035661,-2.81764846804921,-0.866269701296502,0.730929713037727
"中信兄弟",TRUE,FALSE,-1.7186604439246,0.981100754273368,-1.07905508952661,-0.844526589403172,0.0461082289117829,2.03602450032581
"統一7-ELEVEn獅",FALSE,TRUE,-2.94294904412494,0.357397668149194,-0.758976836397748,-0.42822198946097,0.377285763636998,1.43124673377274
"台鋼雄鷹",FALSE,FALSE,-3.97995641121202,-0.613470059458693,0.109500477364947,0.137931984279917,-1.95321081709689,2.23764014277718
"富邦悍將",TRUE,TRUE,-1.76460051325586,-0.0600083868694943,-1.40063113656383,-3.1106274092585,-0.387624467072655,0.554598558293232
"台鋼雄鷹",TRUE,TRUE,1.05391111245344,-2.51900380509475,-1.62829270748787,-2.05270787962925,-0.147041884019021,-0.0406416647401689
"富邦悍將",FALSE,FALSE,-1.64165516628218,-0.317493988939722,1.7481828060656,0.853359089855015,-1.90993245524978,-0.787849042160783
"味全龍",FALSE,FALSE,1.19012093573472,0.48666805746806,-2.10581199430611,0.513351878286505,-2.4890768793553,-0.0543398142189036
"樂天桃猿",TRUE,TRUE,-0.0363306265113491,-1.13448841343998,0.0352059625547856,1.60777687610315,1.29556220162185,0.79483665257022
"中信兄弟",FALSE,FALSE,-4.13550571185545,-0.992849429022158,0.591836572348529,1.41629256274536,-1.15693986602344,-0.473110886097778
"統一7-ELEVEn獅",TRUE,TRUE,-0.00606293870502607,-0.29096926557817,-0.964941992972901,-4.50342878522159,-1.2067017876841,-0.5749083398265
"台鋼雄鷹",FALSE,FALSE,-1.68985849047418,0.474339208097822,1.05832631879611,1.97315300331652,-1.52965866829119,1.42188465115696
"味全龍",TRUE,TRUE,1.87990618542874,0.710541628608858,-0.215777694833652,-0.571494653399261,0.426685808154374,-0.197700073994804
"樂天桃猿",FALSE,FALSE,1.71359102656207,-0.772345066836725,1.12503408454717,3.64688238185442,-0.705533765356652,-0.537294206456371
"統一7-ELEVEn獅",TRUE,TRUE,0.143318575497126,2.31366420628324,-0.419098358036554,0.197857996868837,0.390180014046008,-0.996617368248849
"台鋼雄鷹",TRUE,FALSE,1.61640971916406,2.0914425784562,-0.928105335167163,-3.67078966214962,-1.10428148473795,0.248409604867407
"味全龍",FALSE,TRUE,-3.89893830605123,-0.885835554168108,0.773899460556692,2.12392796480714,1.37334824062882,1.61288845756583
"樂天桃猿",TRUE,FALSE,-0.112446247900414,1.28133372114449,-1.19293351226749,-1.32028489375739,-0.710479561139203,-0.152193032736936
"統一7-ELEVEn獅",FALSE,TRUE,0.164511542355163,-1.60376921984682,0.64395265227744,0.902076145069563,0.807234571895745,1.54543763067358
"中信兄弟",FALSE,TRUE,-2.14331314900881,0.634270798209775,0.334472099200183,0.716243765647217,1.26019634744167,0.27179396011305
"富邦悍將",TRUE,FALSE,0.750809723850703,1.29101231418596,0.10370176235824,-0.63030975626417,0.438051856847782,-0.43126350157373
"中信兄弟",FALSE,TRUE,3.33082089460699,-1.70830450828515,0.31474647763311,1.23014698528358,1.57942401764405,0.119320232233214
"富邦悍將",TRUE,FALSE,-0.499130266730482,2.25578640452356,-1.92790412024753,1.10611644000541,0.609311666967949,-1.92464239467504
"中信兄弟",TRUE,FALSE,-0.0592106390194847,-0.753908762179283,0.53264798146957,-2.20813893770513,-0.751075241237057,-1.03333625283222
"味全龍",FALSE,TRUE,0.0204548846573355,-0.873767884902637,1.82001774676957,-2.01738575527973,-0.108405363829085,-0.776132699133292
"台鋼雄鷹",TRUE,TRUE,3.4424207112353,3.55149904528916,-1.8909265533837,-0.940106474820726,-0.350215420211844,1.70938071006267
"樂天桃猿",FALSE,FALSE,-1.72043938747016,0.0860196420065858,0.600358002475031,5.05786227506241,0.368048875874195,0.699796778099271
"味全龍",FALSE,TRUE,0.528765616205404,1.29386698645198,0.533306203987269,-0.934553227708639,-0.0821100614268679,-1.76315776590289
"統一7-ELEVEn獅",TRUE,FALSE,0.364692866410058,-1.30957281663372,1.21265492684908,1.20443172643781,1.07442351384707,0.89702306435976
"富邦悍將",FALSE,TRUE,-3.4873573010319,-0.0685183418107271,-0.0964301004109305,-1.32225551737504,0.34024002468767,-0.743222318671884
"統一7-ELEVEn獅",TRUE,FALSE,-1.46994742714052,-1.02246852143403,-1.1729744331666,-1.69239235510681,-0.109334534770127,1.21131572730438
"中信兄弟",TRUE,FALSE,2.6129381958387,0.803905621588231,-1.83900049371137,-1.28766116119247,0.0032891254752847,0.524810093268445
"味全龍",FALSE,TRUE,-1.66576645285969,0.184585470207426,0.053949286493573,2.7220210073449,1.29681173171315,0.800560384518377
"台鋼雄鷹",FALSE,TRUE,-0.311244460393486,0.815638386666809,2.31900379574314,1.88999730900812,0.743026246743187,-1.33705002300008
"樂天桃猿",TRUE,FALSE,4.64345811388308,-0.15703368922188,1.83123920198432,-0.359395191114772,-0.142001148636121,-1.74611121860141
"富邦悍將",FALSE,TRUE,-0.000941121087260119,-0.412857513643233,-0.506936822188566,1.01975535741164,1.1702599482193,-0.4224921238317
"統一7-ELEVEn獅",TRUE,FALSE,-0.955727676766729,1.80743351839691,0.17348632732716,0.0101332548093922,0.811805339437923,-1.05958097027697
"中信兄弟",FALSE,FALSE,-1.14080032079011,-0.175053609689701,-1.30465845308418,0.588924492149046,-1.98595609043855,-0.829589353277738
"味全龍",TRUE,TRUE,0.486660623619098,-1.11909113484229,-0.581765688251247,-0.158535009365885,0.903799925895585,-0.135303503415538
"台鋼雄鷹",FALSE,TRUE,-1.43135711693702,-1.290007532482,-0.874549031606372,1.14497153634008,0.536220083789206,-0.23557857795123
"樂天桃猿",TRUE,FALSE,2.57391250683817,-0.184960584861631,0.399579813221042,-1.70170326139632,-0.672608137976035,-0.0590368598952626
"富邦悍將",TRUE,TRUE,3.44802213962309,0.0548887065946272,-0.392611436266469,-2.22918442624681,1.99398616777484,1.03097126509312
"統一7-ELEVEn獅",FALSE,FALSE,-0.54757258069144,0.168381162975465,-0.593849644732374,1.8029872581986,1.93511647756783,-0.136545609595397
"中信兄弟",TRUE,FALSE,0.712920371961786,2.63066177818777,-2.06109282061307,-1.20177613169744,0.219699639948893,1.37442797229018
"樂天桃猿",FALSE,TRUE,-2.47298504890669,0.181294077356173,0.199870649372338,2.29890989201224,1.98587734303202,1.22899302079681
"台鋼雄鷹",FALSE,FALSE,-3.59757185405022,-0.292538799011111,0.0942554476856279,0.69007390280705,-1.35146436067099,0.979093362625291
"統一7-ELEVEn獅",TRUE,TRUE,0.0553362251392969,0.117763027875778,-1.30341060526195,-2.34592564248861,-0.590386494893733,1.30660599468002
"味全龍",TRUE,FALSE,0.945276516122041,1.85305071013918,-2.35131512626843,-2.4126784524848,0.168343804047469,-1.47915473516288
"富邦悍將",FALSE,TRUE,-0.496121235811781,-0.538854512185445,1.61114005098379,2.69893348396223,1.90264657197973,0.203948857222472
"中信兄弟",FALSE,FALSE,2.39571415877179,0.933506932591928,-0.0805124242635899,3.67602848438429,0.368366811557547,-0.279561906841311
"樂天桃猿",TRUE,TRUE,4.48294173023215,1.90036836414698,1.19183854651581,0.417899051804428,1.57911958992988,-1.18570730803171
"中信兄弟",FALSE,FALSE,-1.99421450056184,-0.883065118052089,-2.22108922890769,1.11291760932277,-2.18154552301601,0.288899952845959
"樂天桃猿",TRUE,TRUE,0.922700406441233,-1.26165233682658,-0.259891047735723,-0.787959355461874,0.276183811512641,1.29906239518345
"台鋼雄鷹",FALSE,FALSE,-3.53021189904454,0.132799957259305,-0.538448868001431,1.78047922089663,-1.4661723096645,-1.30103742867312
"統一7-ELEVEn獅",TRUE,TRUE,-0.0802992838198514,-0.142568542762029,-0.0485769048811163,-1.60369656946392,0.121979582818606,1.80838198102514
"味全龍",TRUE,FALSE,1.86316300585002,-1.03343149865858,-0.58545563826037,-0.500512200961721,-0.0755707487969507,0.95102863284183
"富邦悍將",FALSE,TRUE,-0.000613041619182964,-1.17436093158208,-0.435722781873733,0.0842412496620648,0.280733897418597,0.612213271013435
"富邦悍將",FALSE,FALSE,-2.3145701798004,-0.212027533366604,0.792612253435494,0.355822606173211,-1.86848987566252,1.02181656901926
"樂天桃猿",TRUE,TRUE,-2.41846233200719,0.464180218107616,-0.640620180537827,-2.16803829509776,-0.175886555281436,0.183040729339166
"中信兄弟",FALSE,TRUE,2.17647156532969,0.561643527896605,1.96390121176134,1.09499475243724,0.387470766118315,-2.51502648652739
"台鋼雄鷹",TRUE,FALSE,3.36848920841701,-0.231473511976076,1.53962976555406,0.147754755679197,0.0094766208162342,-0.592543927562792
"味全龍",TRUE,FALSE,5.42736357006804,1.13781560352709,2.48671304428588,-0.462289471683684,0.673493941426845,-0.0964200230060597
"統一7-ELEVEn獅",FALSE,TRUE,0.0844711582576259,0.480534160655289,1.40960333559489,3.4131070026768,1.56036871691402,-2.93314083724687
"富邦悍將",TRUE,FALSE,1.31999556458524,0.648529246424835,-1.19466271778706,-1.29956546238271,-0.0478942684464208,1.98033371025677
"樂天桃猿",FALSE,TRUE,-1.49197526106281,-0.0229375442948583,0.00141896622451707,1.28463619613118,1.17483052456632,-0.310146329143216
"中信兄弟",TRUE,TRUE,-1.98814739585783,1.33851086783876,-1.79552295024727,-0.830683853003827,0.41821650509727,-0.908625492997848
"台鋼雄鷹",FALSE,FALSE,-2.15005285484162,0.661062035830519,1.59743196360803,1.22222782945647,-1.12460415559414,1.70511090577097
"味全龍",FALSE,FALSE,-2.563003840644,-0.620051083566641,0.742620142890248,-0.408119014208622,-2.52118394661242,-0.390922373284457
"統一7-ELEVEn獅",TRUE,TRUE,-2.18174012060799,0.142543254205211,1.19854342886664,-2.53105844575125,-0.79739431542863,0.520658098382098
"富邦悍將",TRUE,FALSE,4.44617240420974,1.55735437501203,3.22780652254096,-0.413055768779347,-0.206779514309472,1.84215226227923
"樂天桃猿",FALSE,TRUE,-0.512816558315357,-0.143191717944201,0.770942249318729,2.39677627844141,1.50345083441747,-1.71094337124318
"台鋼雄鷹",FALSE,TRUE,-3.68320029087908,-0.307523536336692,0.17288981237432,1.80030152944599,1.42598268770071,-1.4793240832472
"富邦悍將",TRUE,FALSE,3.62820879168038,1.93602597652238,1.96349661738646,-2.60247010106589,-0.297339529486534,1.09993414716629
"中信兄弟",TRUE,TRUE,1.18041869984961,-0.321117212573821,-1.9192758508509,0.66735820245089,1.01461399525154,0.667866784143067
"台鋼雄鷹",FALSE,FALSE,-1.11261220509465,1.29041562214061,-0.589250867132155,2.25717762515098,-1.13119125492989,0.884716924507865
"味全龍",TRUE,FALSE,0.825562590568114,-2.5345600266207,0.247414429499694,0.179807960368794,0.896878580616671,1.09511540379647
"統一7-ELEVEn獅",FALSE,TRUE,-2.07778468559666,1.31898392483822,-0.821327969081763,-0.280770948592978,-0.663595521455232,-0.838454943279676
"台鋼雄鷹",TRUE,TRUE,-1.81722906875088,-0.831449431677913,0.39858943726849,-1.26059123456235,0.231065688642301,1.14086454471125
"味全龍",FALSE,FALSE,-1.18920549114676,0.123763283806152,-0.145708103517284,-2.53335723826805,-2.96774652595078,-1.23654405654974
"樂天桃猿",TRUE,FALSE,-1.00949332800799,2.05594624759484,-1.85990952538019,-1.62587331078798,-0.669463958182977,-0.842739425214276
"統一7-ELEVEn獅",FALSE,TRUE,-0.230236576971359,-1.60836428118426,-0.00431914049578302,1.01816542655981,1.21905223670311,1.3762952182047
"中信兄弟",FALSE,FALSE,0.305809337789451,-0.319189112594213,-1.386748733693,0.627485873029939,-1.7445052031635,-0.179087194057104
"富邦悍將",TRUE,TRUE,0.174223449736104,-1.09580112635594,-1.41943604531644,0.334125778368496,0.98486217489336,-0.124294498348268
"台鋼雄鷹",TRUE,TRUE,1.34656487096423,-1.56852373881967,-3.00886500956293,-1.23739190578316,0.0973798531540294,-0.636068543577596
"統一7-ELEVEn獅",FALSE,FALSE,-0.0128535674125167,-1.31484399059598,0.466814820163184,1.83945525050713,-1.61265900661168,0.709799200507366
"中信兄弟",FALSE,TRUE,-1.49822832978393,1.25465053955975,-1.55399685060995,-0.779503852999863,0.0935740630614055,1.0701456821415
"樂天桃猿",TRUE,FALSE,-0.440874847040581,0.0141005755053495,-0.0273821930591127,0.153284813112745,1.04909924453473,1.56885243808121
"味全龍",FALSE,FALSE,0.0329977333279539,-0.921933549192112,-0.132491216553463,0.922268739804319,0.532017374358639,-1.25656097257731
"富邦悍將",TRUE,TRUE,1.91767780763163,-1.36824534648488,-0.715440338614265,-1.57640800255413,1.9647736753728,-0.949610224840175
"台鋼雄鷹",TRUE,TRUE,6.12955745317889,-2.12672348249234,-1.4763293888508,-0.141474412021427,0.685500799206383,0.595517197798808
"統一7-ELEVEn獅",FALSE,FALSE,0.841821371623473,0.0957205053849336,-0.0380435193404733,4.37309507252496,-1.09980180535976,-0.962374206030802
"中信兄弟",TRUE,TRUE,0.654199542626643,0.661622126528667,-2.32676880697812,-2.62588679109221,-0.69064750639759,0.403542656568143
"樂天桃猿",FALSE,FALSE,-2.91607205744649,-0.191803279470712,-0.216915097290112,2.68865395732454,-0.642301877906284,0.491832220089347
"味全龍",FALSE,TRUE,1.31942270029234,-0.869562953342294,0.434624712786257,-1.62728250328531,0.521057925410677,-0.65395395925331
"統一7-ELEVEn獅",TRUE,FALSE,-0.250935696324938,-1.00393917724222,-1.99025389459406,0.170457174319467,0.329773931334106,-0.0754203344360143
"味全龍",TRUE,FALSE,1.54583203018977,1.70280262374444,-1.49444138113289,-1.40369675129204,-0.412001783133045,-1.22124636737339
"富邦悍將",FALSE,TRUE,0.437178942843748,-0.0604155114785647,1.31913920920443,2.63712513820842,1.58124621112043,-0.257154523550762
"味全龍",FALSE,TRUE,1.27336808571151,-0.730034520116731,0.431190945788869,-0.468039256415961,0.0608740588438129,-1.43498583720134
"樂天桃猿",TRUE,FALSE,2.14680803346027,-2.62616006371377,-0.863507946722775,-0.995434355301509,-0.217768119711448,2.15228543948839
"中信兄弟",TRUE,TRUE,1.31460649029342,-0.0965574291513329,2.48590995006283,-1.51682681734694,-0.256140623969192,-0.139642544904279
"統一7-ELEVEn獅",FALSE,FALSE,-0.922100933544227,-1.39552917011241,-0.199695326128172,0.114997691085607,-1.81446004187023,-2.22112857209432
"台鋼雄鷹",TRUE,FALSE,4.89212165007697,-4.37330934659409,-1.6912134567789,0.696591501776721,0.824072385580473,0.629818015159079
"富邦悍將",FALSE,TRUE,-0.131983520470879,1.15126602467124,0.525094019686318,1.90592119996873,0.111530453482345,-2.7459679817876
"味全龍",TRUE,TRUE,0.965361512521167,1.55196058260062,0.112061913052846,-0.949906922868856,0.393571849470267,2.57964529495644
"樂天桃猿",FALSE,FALSE,-3.55317539543014,0.468550408860618,-1.47447880382515,2.57713664735569,-1.18906987775678,0.77503196932947
"中信兄弟",FALSE,TRUE,-0.699784928685321,-0.028625968457232,0.440822180253815,2.86358000212055,1.32801313235892,1.04435894773327
"統一7-ELEVEn獅",TRUE,FALSE,3.31547113065117,0.993162493489671,-3.20211984978329,-0.887785287751015,0.348981108326815,0.242959324452013
"台鋼雄鷹",TRUE,FALSE,1.7483294599958,1.717246561779,-3.18464972982941,2.30444599762167,1.56890093103379,-0.357119043009016
"富邦悍將",FALSE,TRUE,3.31623030933601,1.7963274521532,1.56063504385783,3.51283789745997,1.78540070566831,0.838014009251613
"台鋼雄鷹",TRUE,FALSE,3.12175311645859,0.380259406458397,-0.249159010765907,0.26258826100879,0.492304438084793,1.4778303597735
"味全龍",FALSE,TRUE,-0.784462915543007,0.683903243165472,-0.00983567277028276,2.14186651783671,0.916898456264561,-0.131832700333825
"樂天桃猿",TRUE,TRUE,2.82054982025357,-2.4600562644325,0.822552177659684,-0.812015221201518,0.0698411459865942,1.55308509123366
"統一7-ELEVEn獅",FALSE,FALSE,-1.11181376505268,0.165486931346657,0.015988549691624,0.958724389283657,-2.48734267803,-1.80715903531731
"中信兄弟",TRUE,TRUE,2.09455649155401,0.439896611675594,-1.7243203132138,1.12333283741586,1.43997051908944,0.948895219960537
"富邦悍將",FALSE,FALSE,-1.63045498318988,2.05010121221238,-1.04438459436352,3.37398046350896,-1.088016617379,0.678276420144266
"中信兄弟",FALSE,FALSE,2.01102515317969,0.499560707213002,-1.06140402519121,1.18994027290714,-1.82769475823946,-1.52019244888615
"樂天桃猿",TRUE,TRUE,3.72751868299213,-1.12522090776101,0.257825637859875,1.77218643731237,1.29256593899933,-0.737394948166327
"中信兄弟",TRUE,FALSE,-0.543337717597711,-0.923188530968768,-0.950996718127825,-2.80343032085003,-0.346199558253528,1.31691115216407
"味全龍",FALSE,TRUE,-3.93462166358691,-0.458111147095611,-0.182150069522077,-0.886110042244265,0.381091553729622,-0.274967491946352
"富邦悍將",TRUE,FALSE,5.08601387087952,0.224336201348263,1.22187331569377,-1.49143213622357,-0.0604745062049832,0.994338722936895
"統一7-ELEVEn獅",FALSE,TRUE,-3.1604664438364,0.128083837712426,0.388958407933894,2.37696142894663,0.831736984563421,-1.06995964686189
"中信兄弟",TRUE,FALSE,6.20844125080943,-0.0187242997659213,-1.17145228415606,-2.19242448168954,-0.838600355554705,-1.53553114867052
"味全龍",FALSE,TRUE,-0.593761532864429,-1.56119110332884,-0.00725395030762352,3.84917826482944,2.08152882032756,-2.08761394665844
"富邦悍將",FALSE,FALSE,-2.94631141464749,-0.210198444152965,1.13168863669697,1.94827575954238,-0.949598276573653,1.0346229208861
"統一7-ELEVEn獅",TRUE,TRUE,-0.90109884391103,1.43069879977339,-1.03819512363093,-2.55985669329026,-0.704374504114202,-1.17056786378174
"台鋼雄鷹",FALSE,FALSE,0.118423954920737,0.905009760305102,0.195878639207866,1.84632358944188,-2.17300062356299,-0.98326237217438
"樂天桃猿",TRUE,TRUE,1.89507243556809,-3.14548140062321,-2.58209061100016,0.517764002991209,0.632951955357973,0.11279828372611
"中信兄弟",TRUE,FALSE,-0.560236397855855,0.643626957407155,1.07803796187725,-2.05933562019065,-0.521511109025862,1.09633438002439
"台鋼雄鷹",FALSE,TRUE,-1.76076077305207,-0.45024432199604,0.399887230485233,-0.226675649335051,0.455170468814923,0.519930734243958
"味全龍",FALSE,FALSE,-2.60857424209864,-0.268521793536283,-0.268468672464609,1.10016354340974,-0.959021244080224,1.72874620882835
"統一7-ELEVEn獅",TRUE,TRUE,-0.943844225061737,1.00196943813878,-1.52575709702898,-2.62597153865938,0.278615354649351,0.262226960035914
"富邦悍將",FALSE,FALSE,-0.259601473802327,-0.291022334443795,1.79396295171349,1.65026296674308,-1.77884981951739,-0.230611705121877
"樂天桃猿",TRUE,TRUE,1.78235266650158,-0.750552457960107,-0.330378757602114,-0.788446573604056,-0.343927060625728,0.14197557942464
"中信兄弟",TRUE,FALSE,2.72527497908314,1.4535270081262,0.769415328710703,-0.812015221201518,0.0698411459865942,1.55308509123366
"台鋼雄鷹",FALSE,TRUE,-2.4469904279601,0.532805427895895,-0.431536836815607,1.88176826364733,1.13919423643917,-0.425279687690642
"味全龍",FALSE,FALSE,-2.94938077719272,-1.11442800447295,0.350249530126088,-0.410065077295762,-1.77409918740045,1.09345724921959
"統一7-ELEVEn獅",TRUE,TRUE,-0.614345048758795,-0.226938706075646,-1.6049275632699,-4.11221056477628,-1.2277020333376,0.122343442362693
"台鋼雄鷹",TRUE,TRUE,-0.0651198887739836,1.48907487005245,-3.41229175739107,0.559360952613199,0.600545383549271,0.240998932193455
"富邦悍將",FALSE,FALSE,1.81692351512783,-0.476943831556434,-0.597848385902933,0.817068517449409,-0.954997048269507,1.5387376532497
"富邦悍將",FALSE,FALSE,-2.00490244970837,-0.115409021178013,0.480943075761725,0.990215662986453,-1.76471061921987,2.07225646690627
"樂天桃猿",TRUE,TRUE,-0.719313561386989,0.417172064839722,-1.07444087096018,-1.8978758661676,-0.498351571930075,0.319337204417228
"中信兄弟",TRUE,FALSE,2.83326215842238,0.259218782768924,-1.55985246353289,-0.138309588401653,-0.530544995333498,-2.5162701266501
"統一7-ELEVEn獅",FALSE,TRUE,1.39723413809004,-2.19641969968597,0.490550902033505,3.35560105517487,1.37815392798034,-1.5277050112334
"台鋼雄鷹",TRUE,FALSE,1.39908258681826,0.842269814485306,0.00454197209631099,-2.1990533553839,-0.80721472991872,-0.422196195903018
"味全龍",FALSE,TRUE,-2.1473940416222,-1.63378499863294,-0.28305637224904,0.735408174455498,0.863692692967681,0.415806770931873
"富邦悍將",TRUE,FALSE,0.443731397600471,-0.745885053863939,-0.974354137847088,1.37251386846951,0.953404250574777,0.667084593289923
"樂天桃猿",FALSE,TRUE,2.28221832837738,0.938322716005691,0.280499282990021,-0.104122416771436,-0.256814868395235,0.0163507990178029
"中信兄弟",TRUE,FALSE,0.751023763971021,-3.51559777273062,-0.514432770845801,-1.26705409418106,-0.0241613513716096,1.49739430116461
"統一7-ELEVEn獅",FALSE,TRUE,-2.76308366561194,0.248520214125285,-0.928253777665862,-3.22161289583046,-1.33975944801087,-2.19285909683985
"台鋼雄鷹",FALSE,FALSE,-0.436541725395598,1.65000629586331,-0.00842915405009893,4.40478178241653,-1.58934619885192,-2.21695422337851
"味全龍",TRUE,TRUE,3.65810016558843,-1.89790869412408,-0.782418858235158,1.41932699920545,0.933799300490297,0.887801227228983
"富邦悍將",FALSE,FALSE,-0.467166612402996,0.353591957544674,1.32577601434341,2.56967934835022,-1.88020944605803,-2.75169350242524
"樂天桃猿",TRUE,TRUE,4.00589080787051,-0.37311004252776,2.51126152968926,-0.356224212903643,-0.0937443456923162,0.157631689827252
"中信兄弟",TRUE,FALSE,-2.07655056587251,-1.8672426510725,-0.991331979213275,-4.09170849464873,-1.09211055304414,-0.218454393530598
"統一7-ELEVEn獅",FALSE,TRUE,-3.56950221711675,-0.742299487846284,-0.0933670269994153,-3.16752496405193,-1.07407118442074,-0.6810339106243
"台鋼雄鷹",FALSE,FALSE,-3.06971618938977,0.0211803269729434,0.768329214029538,1.73864421330525,-1.41547252007614,1.66567260236956
"味全龍",TRUE,TRUE,-1.13719832128411,1.0813799022658,-0.477199683724288,-1.7430449858389,-0.443806409198303,0.655674981577571
"富邦悍將",TRUE,FALSE,2.03692384553172,-0.895927610762148,1.13184250219775,1.12801657279951,0.803993997534886,-1.31214091699978
"樂天桃猿",FALSE,TRUE,1.69106043730853,-0.438641642021043,0.266543475654727,0.087037949305415,-0.224826017339761,-0.991034160380545
"味全龍",TRUE,TRUE,-0.898183169259389,-1.75150461193568,0.334254678030045,-1.51645749852867,-0.536222995093243,0.226181031575555
"統一7-ELEVEn獅",FALSE,FALSE,-2.6741825358798,-0.0674744336608132,0.640116012958388,-1.68229102197972,-2.96691903615784,-1.71458308322309
"中信兄弟",FALSE,TRUE,-1.02405243603726,-0.104936898714711,-1.65026579971644,1.81178520988729,1.48783868203601,-0.368128048076287
"樂天桃猿",TRUE,FALSE,0.0408532229722843,2.1214668225904,0.257654643655572,0.089390542842116,0.65374662870284,0.927012954139613
"味全龍",FALSE,TRUE,0.441137608017641,0.802327108441708,1.42500830228452,-0.75151577697576,-0.222850028458588,-0.521749254205287
"統一7-ELEVEn獅",TRUE,FALSE,1.03221695945299,-0.0242338735239059,1.07921934962235,0.635394208865051,0.610219858070024,0.579925139038124
"台鋼雄鷹",FALSE,TRUE,-1.18900655241704,1.5797814098424,0.235308572212977,1.67169198413911,1.0595432144465,-0.224679222887142
"富邦悍將",TRUE,FALSE,2.35068916481879,0.997408147509171,1.27018061349479,0.564148567626056,0.823661978362225,0.402395991508166
"中信兄弟",TRUE,TRUE,4.73012152393845,-0.0559205841746437,0.00481457567530541,-2.13516557169989,-0.52465528902077,1.8800369459737
"樂天桃猿",FALSE,FALSE,-3.28298973201934,-0.192576468594156,-0.945988033558714,3.14552907783965,-1.27443570063214,0.193091680073204
"味全龍",FALSE,TRUE,-3.14518567387744,-0.0248342417912907,0.637980587581111,3.1307882752946,1.129481528415,0.0659234619782639
"統一7-ELEVEn獅",TRUE,FALSE,3.30381191436431,1.97496702741426,1.80588093317211,-1.7430449858389,-0.443806409198303,0.655674981577571
"台鋼雄鷹",TRUE,TRUE,2.56533916700184,0.329956559540071,-0.0081937909727165,-0.0962220921500738,2.69577830247329,-0.0150495535996486
"富邦悍將",FALSE,FALSE,2.62433196882811,0.780208423791303,2.08957375496477,0.944074077121026,2.58554636434719,-0.839490845886523
"中信兄弟",FALSE,TRUE,-0.724089343358527,0.585515992354369,0.248490737516198,-0.51422607144347,-0.196546311367893,-2.08244899576176
"味全龍",TRUE,FALSE,-0.848405312894978,0.956294318518587,1.70513196594665,-0.107182163752254,0.790818948843463,-0.75109066631038
"富邦悍將",FALSE,TRUE,-1.19165109624603,-1.4328932235664,-0.136089446365032,4.14550889265095,2.09750798566979,-1.07277295596037
"統一7-ELEVEn獅",TRUE,FALSE,4.9547254714953,1.75263603980187,-0.903091863498086,-1.54933818554859,-0.279873541044004,0.343296864187877
"台鋼雄鷹",FALSE,TRUE,-1.81518961819991,-1.67642512263708,0.265259199941929,1.14804548128939,0.839938123563454,-1.45932976255887
"樂天桃猿",TRUE,FALSE,1.79498819749046,0.799540267768054,1.64372944427688,-2.89073479456036,-1.02206697606253,-1.68171348031079
"中信兄弟",TRUE,TRUE,5.22357578396697,0.289868146886499,1.66943208907395,-2.01380759251625,-0.670829587035928,-0.136978304432201
"味全龍",FALSE,FALSE,-1.68912401966083,-0.608400592678858,1.88687595351944,4.71687846791033,-1.1049104572202,-0.918967967452949
"中信兄弟",TRUE,FALSE,0.697970208516592,-1.79500156603724,0.433445477475289,-1.82832983758674,-0.110728729185647,0.462413913487547
"味全龍",FALSE,TRUE,-1.95783217249005,-0.00966673841943716,0.382364631885612,-1.82683352967122,-0.71832398674812,-0.625762420846794
"中信兄弟",FALSE,FALSE,-3.60629746571104,-0.831636675024166,0.642939556584187,2.25302914836404,-1.62593373706707,-1.1901197377518
"統一7-ELEVEn獅",TRUE,TRUE,2.35597768097297,-1.70854837824236,-0.103400474449402,-4.34196903029763,-1.18354225038646,-1.35190551606396
"富邦悍將",FALSE,TRUE,-3.4643938046463,-0.40426879341204,0.83959983541279,2.86007758995494,1.09232321322241,-1.00644610751561
"統一7-ELEVEn獅",TRUE,FALSE,4.6968056717854,0.265721833714342,1.41585442341482,-2.92227666619656,-0.776394069775132,-0.176593683807095
"台鋼雄鷹",FALSE,TRUE,-0.989403986042303,1.50830048118094,-0.721834300402974,-0.365679113142248,0.242477514315248,-0.819331944212082
"樂天桃猿",TRUE,FALSE,-0.350983850662146,0.467725501508502,1.0494632944362,0.754475834038373,1.27302550113798,2.02163566869021
"中信兄弟",FALSE,TRUE,-3.19652218502151,-1.20667291408514,1.72046059555306,-3.23856730054831,-0.85409876960269,0.264065714639722
"味全龍",TRUE,FALSE,-2.7979818159032,-0.700584734648823,0.0997340522162112,-4.8788195891454,-1.3438493337985,-2.27508502331139
"富邦悍將",TRUE,TRUE,-1.62537671572724,0.45406068291675,-0.277360139315504,-1.83184576836565,-0.512078569646687,-1.25477331593265
"統一7-ELEVEn獅",FALSE,FALSE,-0.985279459481242,-0.129209566187053,2.35431645141061,0.374797955799075,-1.6104593569745,0.656532692067809
"台鋼雄鷹",TRUE,TRUE,2.52959246363227,-0.844569530424363,0.868006204986717,0.230678203687278,0.612204864853419,2.64076767179442
"樂天桃猿",FALSE,FALSE,-0.569874236577558,1.34699232248101,-2.33870793431375,1.4979787095395,-1.56085001543483,-0.609306361497033
"中信兄弟",FALSE,FALSE,-0.553043527093057,0.4527011238743,-2.06689354481895,2.71099075956392,-1.2971333985941,-1.01270397024371
"富邦悍將",TRUE,TRUE,3.25441808930484,-0.743528491590603,-0.430739180106565,0.713261961400441,1.19718814172522,0.352277946225185
"台鋼雄鷹",FALSE,FALSE,-2.07302869416307,0.407399447730546,0.786889296997811,3.4695742120519,-0.500770032206414,0.832586362919432
"統一7-ELEVEn獅",TRUE,TRUE,0.344121927590367,2.09220167255913,-0.978535044441872,-1.4103256249864,-0.38061615749706,-0.107911414605883
"中信兄弟",TRUE,FALSE,1.59130176857205,2.37507340288769,0.363747064940404,0.777539324739355,0.670445935229709,0.129384706937554
"富邦悍將",FALSE,TRUE,-0.451626500250527,1.30549418112733,0.977592778786738,2.55622486131265,1.66562016837721,-0.775260497963838
"台鋼雄鷹",TRUE,FALSE,5.88191935627158,-0.842794735358861,2.36454088762335,1.86465574496518,1.16762850048334,-0.87638410542089
"統一7-ELEVEn獅",FALSE,TRUE,2.58789542929789,1.46630381505459,0.97011907099947,2.92387447148043,1.07984291768361,-3.86105889504869
"味全龍",FALSE,FALSE,1.79888855453393,0.767165517774951,1.33412915355342,4.79449564609789,-0.849761594024697,-1.84632074643031
"樂天桃猿",TRUE,TRUE,4.5403584607224,0.604523673824579,0.995423682541728,0.718724221874446,0.681811983923117,-0.104178720641372
"台鋼雄鷹",TRUE,TRUE,3.54016157101619,1.49335540703948,0.15396440445016,-1.91174906260079,-0.665328677859515,-0.453199912456984
"樂天桃猿",FALSE,FALSE,0.945393356736615,-0.501924238677515,1.85474144758132,2.54340260647755,0.288948016913148,0.617310670325677
"味全龍",TRUE,FALSE,0.603059523344323,0.643787399200628,0.92177885465279,-1.92817778910153,-0.6508142297332,-0.130272914720348
"樂天桃猿",FALSE,TRUE,-1.32411078069298,-0.437032401550135,1.92763153530968,0.41716391525718,0.350454443645685,0.971255647623961
"樂天桃猿",TRUE,TRUE,1.89269643934611,-1.72774529466229,0.739141672584848,1.06412934703731,0.739321321097581,-0.0808869077180744
"統一7-ELEVEn獅",FALSE,FALSE,-0.992983327724616,1.54073043548363,0.531410248064506,-1.30714735769054,-1.37101380444871,-1.90030734350005
"味全龍",FALSE,TRUE,-2.54544048173964,1.41919520796382,-1.02635520951217,-1.21415302021512,-0.55487272354302,-0.486285478918373
"富邦悍將",TRUE,FALSE,0.481226236844849,-1.30893785130257,0.246418432235838,0.651074351692927,0.86991753211231,2.20435897733231
"樂天桃猿",TRUE,TRUE,-0.615497036133626,1.98192924368461,0.274395132454466,-2.67201612964675,-0.684962372230962,0.956857438095967
"統一7-ELEVEn獅",FALSE,FALSE,-3.67048042972901,-0.399497491807877,0.192909406629369,3.00526065589042,-0.857274059109548,-0.345090030150063
"味全龍",TRUE,TRUE,-2.3614179144044,0.252808162570495,-0.613785680832473,-2.87297634943089,-0.733822400997956,1.17383444309375
"富邦悍將",FALSE,FALSE,-3.06563975976394,-0.618707928930829,0.387503784107655,-0.211833662783288,-1.53526321157866,1.17631202985811
"中信兄弟",TRUE,TRUE,2.68627138076446,1.64264868202115,-1.17681518208583,-1.32469582157168,-0.360600800194332,-0.10120602489403
"台鋼雄鷹",FALSE,FALSE,-0.599247245750823,0.0734054360173294,0.884124385950004,3.27445847400009,-0.281853389496791,0.43681147302001
"中信兄弟",TRUE,TRUE,-0.757842601362326,1.70556030939946,-1.46450562691058,-3.55361798619781,-1.32993903352078,-1.25000480255474
"台鋼雄鷹",FALSE,FALSE,-1.07523218244587,-2.18055992987932,-0.0666302686621715,2.24808035961691,-0.237627620375506,1.67260533413164
"中信兄弟",TRUE,FALSE,0.337964232028005,0.459901366526071,0.337966191759653,-0.809718229763286,5.36651153090919,-0.458072716145104
"樂天桃猿",FALSE,TRUE,-0.182986246934233,1.93614159799828,0.499568127279484,-3.08715756914907,4.86204932537802,-1.05570212278508
"味全龍",FALSE,FALSE,-3.69797349858629,-0.768718607707207,0.962584718555778,2.00373263861482,-1.7666091254918,0.447021993160703
"統一7-ELEVEn獅",TRUE,TRUE,1.1201720945711,-1.71444545594358,-1.81825330761511,-3.26886922348225,-1.00656142740582,-0.185544404497854
"台鋼雄鷹",FALSE,FALSE,-0.386412844442681,1.21293052248432,0.731008647412247,0.979392281611432,-1.54448071644222,1.39074992351801
"富邦悍將",TRUE,TRUE,-2.5698955765676,0.714190203096772,-1.01045023257591,0.961477370078053,0.824893200016969,1.0846620624609
"中信兄弟",TRUE,FALSE,5.02072357813278,0.192475632014494,0.0165394171347494,1.44404401834981,0.59288426070332,-0.781600756139925
"統一7-ELEVEn獅",FALSE,TRUE,1.25641718500566,-1.10160782816556,-1.92469104157999,2.31771775998063,1.05341800634556,-1.23464200059782
"中信兄弟",TRUE,FALSE,-2.17002867116359,0.872203768307653,-0.59062806999258,-1.40580233280885,-0.0404591489022549,1.00104411264875
"樂天桃猿",FALSE,TRUE,-1.16770896727785,-0.367582872800383,0.351929562042214,-0.359547149586814,0.665075034685407,0.361389784436042
"味全龍",FALSE,FALSE,-1.73197861767347,-0.407082293608826,1.44485718592894,-0.0587223036728948,-2.18890764946656,1.0902480955123
"統一7-ELEVEn獅",TRUE,TRUE,-1.02202935296857,-1.29799418146018,-1.22137672920182,-2.06913547299704,-0.538382286535532,0.305926424993521
"台鋼雄鷹",FALSE,FALSE,1.30578331213205,-0.563297946084496,2.62084443841351,1.67123973486355,-1.6162411359483,1.89346201161165
"富邦悍將",TRUE,TRUE,-1.00832568506512,0.949242403131892,-0.542461804183225,-1.70109512092798,-0.0307006640015267,-1.21679209758011
"中信兄弟",FALSE,FALSE,0.665566729521519,0.508999504918841,1.76311963426489,1.77006586842608,-1.07804262604679,0.402997334611747
"樂天桃猿",TRUE,TRUE,2.35529012526112,-2.06150748919335,-2.07548016512267,-0.144111828148496,0.263887065831647,-0.0637247400531024
"味全龍",FALSE,FALSE,-1.30720739093017,-0.0451643095777366,1.12857259572531,4.03056469908189,-0.625612499191125,0.69765781825164
"統一7-ELEVEn獅",TRUE,TRUE,2.44847660725245,1.1413128639936,-1.65332777885365,-1.05700033025544,0.0609784680001148,0.0774453051097747
"台鋼雄鷹",FALSE,FALSE,-4.32631156697921,-1.14099620692171,0.194168323212325,1.94936547904819,-1.70717095497541,-0.449637440275598
"富邦悍將",TRUE,TRUE,1.1427812859349,-0.113573378795847,-0.0475963710630166,-4.0727100999161,-1.20200154186824,0.682363613602371
"台鋼雄鷹",TRUE,TRUE,-3.04511300029406,-0.366437850383103,0.184717841046084,-1.27684752269246,2.88907855681995,0.0270287548489158
"味全龍",FALSE,FALSE,-1.6915911161495,0.848347863057637,0.290035977522285,-3.07710754652525,-0.830939232506904,-0.512931460967438
"中信兄弟",FALSE,TRUE,0.699978303671727,0.553289865900726,-1.45046844838261,1.08592384617155,0.884528864706906,0.877356207945552
"統一7-ELEVEn獅",TRUE,FALSE,1.7518176779324,1.08917367746345,0.601091528084825,1.70701702335808,0.902287123669965,1.19517006905293
"台鋼雄鷹",FALSE,TRUE,1.77729072462943,-2.17978228194943,-0.274687562380467,1.67149600534164,0.932915455310942,-1.50229636251985
"味全龍",TRUE,FALSE,3.90016077828384,-0.391854004085659,0.496527308604072,-0.609431103983005,-0.662794858094678,-2.41194850473333
"中信兄弟",FALSE,TRUE,2.49488699594935,-1.30988354779817,2.34140145856118,2.03735068405262,1.69680985732561,0.12058643791889
"統一7-ELEVEn獅",TRUE,FALSE,3.54869037392064,1.96690489184887,0.426525363066188,-0.615451836308127,0.0104982417176656,-2.45636879028097
"台鋼雄鷹",FALSE,TRUE,-1.10063259801657,-0.247056802966321,1.65231907165006,-3.13711008151299,-0.992231204269715,-0.732153796313825
"樂天桃猿",TRUE,FALSE,-2.20327350760958,-0.712216975212207,0.627575597115457,-1.94717618383416,-0.540923240909102,-1.03109092185332
"富邦悍將",FALSE,TRUE,-0.672415090429608,-1.19532492974898,-0.0377275472426863,2.78348144752376,0.826303504592979,-0.122295156814157
"樂天桃猿",TRUE,FALSE,1.63642879221098,0.774887217576443,0.491732986977099,-0.934191871611518,-0.454611712039163,0.416777859193501
"富邦悍將",FALSE,TRUE,-1.74376520291222,0.636269027118256,-1.86231887172552,-1.51533050943142,-0.863735881531665,-1.22781887923862
"樂天桃猿",TRUE,FALSE,0.398524784554998,-2.81354550118097,-0.596139867045726,-1.04577602368256,0.670473619022979,1.51018474697037
"台鋼雄鷹",FALSE,TRUE,-2.67130818836635,-0.414388328602906,1.20285987663511,0.400862780077092,0.191068116889907,-1.36569761253486
"統一7-ELEVEn獅",TRUE,FALSE,0.670552077571884,-0.400092884933598,1.07997460335273,-2.50774675260879,-0.241044381377225,-0.0963324548092139
"味全龍",TRUE,TRUE,2.86273557376015,-2.74572558026892,-3.18490286551461,-0.979916374440338,0.186450601576129,-1.3102913697575
"樂天桃猿",FALSE,FALSE,-0.380296841009039,-1.03703792077689,0.48036912099773,2.53109055779177,-1.63513893683223,-0.564436141554668
"中信兄弟",TRUE,TRUE,0.271019452307436,-0.576905572908251,-0.662138629699629,2.03829816139242,1.35333288332609,1.60618306785398
"富邦悍將",FALSE,FALSE,0.0671587862641408,2.37942202140519,-1.15568905056778,1.14006109422545,-1.62116283138227,-0.6238440540764
"台鋼雄鷹",TRUE,TRUE,4.29680595338973,-1.25021114749369,-0.616792692319212,-2.03407767058193,-0.382705352361894,0.51799385791002
"統一7-ELEVEn獅",FALSE,FALSE,-1.24365377798562,-1.30862679136743,-2.29916769495024,3.21035538743711,-1.42551342009939,-1.12864431734362
"味全龍",FALSE,TRUE,-3.00793119484769,-0.776452492095992,1.00249954538639,-0.934191871611518,-0.454611712039163,0.416777859193501
"樂天桃猿",TRUE,FALSE,-0.193500470195088,-1.49402059993418,-0.139836420110139,-3.44932737223793,-0.919829975677504,-0.309365236023663
"中信兄弟",TRUE,TRUE,1.26625044709982,1.96364812323235,-0.795883923269172,-2.99810661680489,-0.77953824956819,0.607108881511918
"富邦悍將",FALSE,FALSE,-3.81885848989548,-0.552470753368877,0.161214739124682,2.79326527647642,-0.435393584607849,1.08576766082592
"台鋼雄鷹",TRUE,TRUE,0.664941869517223,-0.826118933315407,-0.278925625991104,0.140523974962054,0.657887349598712,1.50146566283088
"統一7-ELEVEn獅",FALSE,FALSE,-0.378981854649262,0.551963097043575,0.11312562777928,1.22050679281443,-1.89708043711102,0.473402169910239
"味全龍",TRUE,TRUE,1.48072884499655,-1.09482115720934,-1.21191539296223,-1.70170326139632,-0.672608137976035,-0.0590368598952626
"樂天桃猿",FALSE,FALSE,-0.650564558751802,-1.40464492761027,-0.455263398680116,0.665718469557968,-2.03205560152606,1.15730093421881
"味全龍",TRUE,TRUE,2.0283945110756,2.62908292161718,-1.01677822264439,-2.20829089527628,0.0560009422863213,1.07416474957494
"富邦悍將",FALSE,FALSE,-2.32770722153484,-0.520916290575962,-0.973757446136472,3.83743545549372,0.241195040715242,-0.18459453272168
"中信兄弟",TRUE,TRUE,0.870308649732867,-1.763954196736,-0.736338062601279,-0.00105765859028273,0.0933480595577699,-0.931743603169602
"富邦悍將",FALSE,FALSE,0.885366622297187,-0.887715416934528,0.413117075174047,-0.773220637419276,-2.7177212095752,-0.994969800919433
"富邦悍將",FALSE,FALSE,-2.3056564270178,0.811957858745687,-0.889195366855737,3.03606127852507,-1.19931578930819,1.11131339952519
"統一7-ELEVEn獅",TRUE,TRUE,0.034043380149059,0.574766042202321,-1.69337558556835,-0.570367105335275,0.317059686477314,1.88178716587331
"台鋼雄鷹",TRUE,FALSE,2.58674941630667,0.316489012888905,0.112671835299433,0.402175750373104,0.833940872609505,-0.376354511559462
"樂天桃猿",FALSE,TRUE,2.13876002723528,-0.304000711077255,-0.537377435160199,2.57348756765698,1.02344782735453,-0.796174492859977
"富邦悍將",TRUE,FALSE,-2.14161404939993,0.487152340737449,1.03918043476004,-0.310591783587128,0.354553666349049,1.89837358908476
"統一7-ELEVEn獅",FALSE,TRUE,-2.85909999183538,0.721380592869424,-0.29068560493717,-0.968904722359742,-0.257195608897416,0.0181547478988311
"台鋼雄鷹",FALSE,FALSE,0.0313333887650975,-0.993156070976195,-0.583039308822408,2.4095449288763,-1.63482693542458,0.371307416918803
"樂天桃猿",TRUE,TRUE,3.71350616270961,0.490872098884741,1.73680136993149,-1.05897718821954,-0.147234523495864,-0.336503380136201
"中信兄弟",FALSE,FALSE,-3.35327981298986,-1.67761453160213,1.35082332303623,2.23957480795392,-0.986462662749754,2.17204857177315
"味全龍",TRUE,TRUE,0.159890399020462,1.55302487761226,-1.84605838545805,-5.66683304905775,-1.69743724002883,-2.41010190650686
"中信兄弟",TRUE,FALSE,3.19722260094627,0.426273975222631,-0.11881038431748,1.25610045893932,0.370972837053299,-1.31499702713688
"味全龍",FALSE,TRUE,3.28770920813355,-1.73115663584216,0.576582411373708,2.14186651783671,0.916898456264561,-0.131832700333825
"樂天桃猿",FALSE,FALSE,-2.68679578462102,-0.563988625252839,0.598874291977694,0.0636038113519728,-2.24530074020965,0.184753908357833
"統一7-ELEVEn獅",TRUE,TRUE,-2.39430771866129,0.28719137204227,0.0554774032627685,-2.67619560329037,-0.266171492867557,-0.362294859533888
"味全龍",TRUE,FALSE,-1.24695509574898,-1.16628469382269,0.877420179795046,-1.74814147574355,0.113330274209286,1.56811316373436
"富邦悍將",FALSE,TRUE,-2.40470248196587,0.00878054894914568,-0.737407542984065,-1.43471294471113,-0.637475107127503,-1.85012438461262
"中信兄弟",FALSE,FALSE,-0.662682941143764,-1.02986294577905,-0.322755724338788,1.94048565241034,-0.486357942344189,0.454469136273919
"台鋼雄鷹",TRUE,TRUE,-0.212700786410902,1.84730354268725,-2.06480493736939,-0.553630636174788,-0.0718531890248677,0.461383834037821
"味全龍",FALSE,TRUE,-3.24865578947415,0.174043224419377,0.238590187230417,-0.546032265914972,0.16616700870136,0.370229268681861
"富邦悍將",TRUE,FALSE,-0.365667551810834,0.437855250312497,0.761139502807016,-1.66192555123017,0.162370308025928,0.880479558130753
"樂天桃猿",FALSE,FALSE,0.101943064403035,-0.629056944025689,0.789799337493142,1.76125742098579,-1.57818303207832,0.583078509396175
"統一7-ELEVEn獅",TRUE,TRUE,1.25993876200626,-0.74412408782666,-1.18585862937875,0.0817613886765796,0.0984598137453737,-0.672486588156781
"味全龍",FALSE,FALSE,-1.13992265484646,-1.65828228919806,0.753004725378847,-0.152334702019398,-1.95877481324864,0.476480980146203
"富邦悍將",TRUE,TRUE,-1.6325479562042,0.227654574914285,0.236670623172765,-2.12322340477556,-0.804070550125662,-1.20589876122203
"中信兄弟",TRUE,FALSE,3.30985223075404,1.80666868374247,0.507404531728196,0.174072546090085,0.494841172818514,1.47465471598576
"台鋼雄鷹",FALSE,TRUE,0.25006908810971,0.520990054440795,-1.71770688159967,2.23662949131781,1.78469702318026,-0.530977678026394
"中信兄弟",FALSE,FALSE,-3.05099946862438,0.145393121929144,-0.608149714235827,-0.466383496035125,-2.81445742327574,0.102591226190199
"台鋼雄鷹",TRUE,TRUE,0.711853719197843,-3.07091468504812,-1.0004689182495,-1.55364411647902,-0.0930367372394812,1.70766591582024
"樂天桃猿",FALSE,FALSE,-0.159356880422555,-1.59882273785807,-0.613397863251502,0.900226175203441,-0.0459904876830965,0.394048019754951
"統一7-ELEVEn獅",TRUE,TRUE,0.115792956467402,1.04903083837481,0.991846532803481,-1.43119701393222,-0.236125266666464,-0.132937155192426
"味全龍",TRUE,FALSE,4.55929896575721,-3.47781009221024,-1.66832395120222,2.3819171395823,1.48217300192273,0.15731641889148
"富邦悍將",FALSE,TRUE,0.718740881406224,1.36242172655522,-1.73897704558063,2.36377082909613,0.220436553955673,-2.94282881701952
"中信兄弟",FALSE,TRUE,-2.07130475863095,-0.452322347858407,2.35065505309918,0.282901678284,0.381170694632971,-0.295572982591234
"富邦悍將",TRUE,FALSE,0.213250438209551,-0.0391658334786979,-0.822253154434389,-3.33716793588145,-0.939242107560744,-2.43679053790137
"台鋼雄鷹",TRUE,TRUE,-0.0205939890254915,0.519903865585748,-0.569851620757431,-1.02086302574072,0.456186338371562,1.11839990323418
"樂天桃猿",FALSE,FALSE,-1.79766887428357,-0.742902016352197,-2.5160648009608,1.15065188844087,-1.50445000183676,1.40416070294172
"中信兄弟",TRUE,TRUE,-0.0272327059597735,-0.647302547768031,-1.51244687485521,-0.885740723425998,0.101009182605571,0.0908560845334811
"富邦悍將",FALSE,FALSE,-0.728119881969808,0.205542935151242,0.949386506408941,0.651061251330795,-1.51771242719376,-0.0845125327802134
"台鋼雄鷹",FALSE,TRUE,-0.691718404305901,0.193349028516741,-0.14935175504143,0.73081653824012,0.767203857290288,1.53202685124987
"樂天桃猿",TRUE,FALSE,-1.65454682379427,1.49902636981995,-0.823200611814429,-0.898502156818433,0.470455734861329,1.6841418492078
"台鋼雄鷹",FALSE,FALSE,1.48499668067245,-2.04588727098433,0.564873936777999,3.76962160900401,-0.604325329000407,-0.534864929186213
"統一7-ELEVEn獅",TRUE,TRUE,1.98005531971663,-0.0860783413207734,-3.3486113688645,0.20420849212428,-0.0446287154797585,-2.51308965979974
"味全龍",TRUE,FALSE,0.80923595192628,1.05860408754208,-1.23431228157863,-1.39132723025377,-0.490507146321158,0.792906592527086
"統一7-ELEVEn獅",FALSE,TRUE,-1.81061673981326,-0.0796655160388906,0.950927687815155,2.38017764037125,1.40247285916065,-0.950068337332553
"味全龍",TRUE,FALSE,-0.0555009244893179,0.958162505210581,1.58043978608157,-4.55272910198726,-1.24927345646127,-1.92533646672734
"統一7-ELEVEn獅",FALSE,TRUE,-3.82893668304026,-0.93906225739587,1.33286963013149,0.025260770398412,0.791229356061711,-0.523668642659467
"中信兄弟",TRUE,TRUE,0.638805019254982,1.25432920742706,-1.9481672583255,-0.772732117588461,-0.431452174943376,-0.360219316413659
"台鋼雄鷹",FALSE,FALSE,-0.334535290328583,-1.07817082382239,0.264763760069688,2.23957480795392,-0.986462662749754,2.17204857177315
"味全龍",TRUE,TRUE,1.1151156181384,-0.397460981918428,-1.0598627386541,-2.53105844575125,-0.79739431542863,0.520658098382098
"富邦悍將",FALSE,FALSE,-2.48753435615633,-0.574036514802407,0.872968769338675,1.59978194765708,-1.35351852637057,-0.0610145660739761
"樂天桃猿",TRUE,TRUE,-0.253795894033073,-3.100239428928,-1.23976117453273,-0.139332176757686,0.394584380954506,1.91178436850846
"統一7-ELEVEn獅",FALSE,FALSE,-0.880794979921576,0.590880869674357,-0.335998918843531,-1.44601566393558,-3.26235868254275,-1.72794568093425
"中信兄弟",TRUE,TRUE,1.19345592224094,0.623198447018816,0.0576595391999281,-0.938859158639065,0.104726742377654,-0.398788714270528
"台鋼雄鷹",FALSE,FALSE,0.0383934072856631,0.0328674913265713,1.6166599221782,3.45380663895588,-1.03351328939312,-0.259865926662635
"味全龍",TRUE,TRUE,0.474367154943469,0.413368730166768,0.695760242432897,-0.483820285659522,0.198729239735858,-0.343097924201483
"富邦悍將",FALSE,FALSE,-0.00309178024773543,0.21942994581067,1.45614106633703,1.16750033967384,-1.6734686393393,0.358033973846242
"樂天桃猿",TRUE,TRUE,1.31811474632771,0.648597419278059,0.925687684034518,-0.516331653861176,0.174996322661047,0.139841484890673
"統一7-ELEVEn獅",FALSE,FALSE,-0.796705237206668,0.285295828158145,1.20167764417117,1.57759730622166,-1.40112298735825,0.952698453210573
"中信兄弟",TRUE,TRUE,3.29166670917308,-2.28123157659649,-2.38342724349874,-0.488607899771479,-0.0243873548752451,-0.504494984146491
"台鋼雄鷹",FALSE,FALSE,-0.662552066963546,-0.641632808863765,-0.0394432563218309,3.39418145070334,-1.49096039331177,-0.547643564560284
"味全龍",TRUE,TRUE,1.81703984428244,-1.76694216462576,-0.669063942110099,1.87113531207731,1.53969773085163,1.41093699322859
"富邦悍將",FALSE,FALSE,1.55738363212502,2.11548196936871,-1.34630017039323,1.0555806961754,-0.635329654733765,-1.19734160453764
"中信兄弟",TRUE,TRUE,-0.338799736904982,1.25976850628386,-0.882628649650264,-1.17916292416093,0.0569891278478402,0.291833879162634
"味全龍",FALSE,FALSE,-0.931705901577282,-1.20840587679108,-0.918051109065156,0.549751146926346,0.4364861556055,1.19037366221017
"樂天桃猿",TRUE,TRUE,-1.34145451076949,-0.201317060673086,-0.644513528453971,-0.959104869553356,-0.240324431387746,0.808562702929698
"統一7-ELEVEn獅",FALSE,FALSE,-0.492857984158608,-0.154306872521959,0.310018694267754,-0.277711803014094,-2.32861239738543,0.642921547800834
"中信兄弟",FALSE,FALSE,-1.37773191404203,-1.62996821451816,-0.344613536043706,2.24940013167825,-1.26100349008936,0.181509135785982
"統一7-ELEVEn獅",TRUE,TRUE,0.647855388796128,0.062405751012981,-1.21143401612227,-2.00437705852814,-0.373876038402207,0.287606074118832
"台鋼雄鷹",TRUE,FALSE,-1.93199387402958,-0.00845032838124735,0.382289116817984,-1.90767571897398,-0.515222749439745,-0.471070750613639
"富邦悍將",FALSE,TRUE,-1.944232220617,-0.0649038849234659,1.48401497818418,-1.57178537900946,-0.403775694592846,0.669085761001277
"中信兄弟",TRUE,FALSE,4.09377316526589,0.150739573053586,1.47753108816327,0.368351411875438,0.167335199815096,-0.882758203442707
"統一7-ELEVEn獅",FALSE,TRUE,0.428555438051866,-0.459747620129107,0.877868915756537,1.66178087850266,1.48708072622299,-2.2869144865536
"台鋼雄鷹",FALSE,FALSE,0.408058103297394,0.445772707245338,1.58139529824383,0.598130531752396,-0.167791095753212,0.960835574404994
"富邦悍將",TRUE,TRUE,-0.524818995526464,-0.0863264318886665,-1.91444855713181,-0.176623196350151,0.240154148756836,0.419214669039054
"味全龍",FALSE,TRUE,-3.48991820984078,-0.00757421777819534,-0.325432685803098,0.885030837292289,0.997855513665326,-1.15448348662635
"樂天桃猿",TRUE,FALSE,-0.0400081313951881,1.48118873827104,1.20751591396057,-1.4383137010105,-0.0641920659770662,1.4839835217409
"味全龍",FALSE,TRUE,-0.273336038116017,0.305201654516175,1.59716751093005,0.948760507912904,0.823188540401118,-1.76027957458976
"樂天桃猿",TRUE,FALSE,1.9113444068434,-0.0824027034023898,0.537236506736359,-0.922775383805203,-0.262880743064045,-0.535160033628994
"富邦悍將",FALSE,FALSE,0.303027365098435,0.0736819102362787,-0.290565107511635,0.581571372942421,2.0117655626279,-0.426317019652861
"統一7-ELEVEn獅",TRUE,TRUE,-0.406833791588379,1.73715376767305,0.33752483332637,-0.181391560047121,2.8612794696412,-0.318751957918243
"中信兄弟",FALSE,TRUE,-0.785014238995486,-0.583734178787456,1.51750554549022,1.63267933266286,0.893295147923734,-1.28828511829265
"樂天桃猿",TRUE,FALSE,4.03830203818609,-0.287349594634168,1.71424469041905,-1.67791725255173,-0.55938253218903,1.00317820718271
"台鋼雄鷹",TRUE,TRUE,4.55271200097903,-0.0696415849714246,0.744440050823244,-0.628596087101526,0.357450411684636,0.953884742978922
"味全龍",FALSE,FALSE,-1.61321254631607,0.567476038648088,0.104624683027322,4.03585439603324,-1.25337994049177,-0.740173512158327
"富邦悍將",TRUE,TRUE,1.09418556571779,-0.29892147953627,-1.28876497146116,-1.63369132670996,0.647838597196628,-2.38998255984974
"樂天桃猿",FALSE,FALSE,-2.23805434308392,0.267221991836849,0.953440638236015,2.0079341314841,-1.57251720749348,1.30275804826701
"富邦悍將",FALSE,FALSE,1.51063621962948,0.159619457186741,-0.0861862007033431,2.57293515448641,-1.3831617957551,-0.0807040857768409
"統一7-ELEVEn獅",TRUE,TRUE,0.892725443314523,0.0564547550051659,-0.746862669210167,1.3411697130274,0.991470448537176,-0.58115224070803
"中信兄弟",TRUE,TRUE,-0.539688664635485,1.70403884512553,-0.176159401949824,-2.29435741761044,2.24343287036924,0.700433002480059
"樂天桃猿",FALSE,FALSE,0.146238959180954,0.191265402507679,0.527041134990826,0.917203984530454,1.30905637600682,0.054816955745568
"台鋼雄鷹",TRUE,TRUE,1.55562378989983,-0.21801341843922,-1.8034029695527,-0.71017518566613,-0.0457969065934942,-1.26010218767517
"味全龍",FALSE,FALSE,0.998017410135239,-0.962990506433273,0.962488876810625,1.4765390708564,-1.41640441902538,0.631280486731791
"富邦悍將",FALSE,FALSE,-3.63522387524868,-0.630730083471788,1.07291375074916,1.88623787266746,-0.536571122976739,0.65196307434868
"統一7-ELEVEn獅",TRUE,TRUE,-0.834331392880609,1.70419778805379,-1.43489488813135,-3.77541785939608,-1.01440585301473,-0.659113792607712
"中信兄弟",FALSE,TRUE,-1.18071241417232,-0.580421603765552,2.26500379308207,-0.483820285659522,0.198729239735858,-0.343097924201483
"樂天桃猿",TRUE,FALSE,-1.15763571919693,0.557817657342044,1.20981600155381,-2.619859228278,-0.865666475877014,-1.38979019912812
"台鋼雄鷹",FALSE,TRUE,-2.75904439115825,0.976430881508461,-0.27238816189661,4.29556008005457,1.04818064198896,-2.7134931455084
"味全龍",TRUE,FALSE,5.29314797774449,-0.372052743532294,0.545681941662397,-0.403283419603089,0.792505413779512,1.07226229159224
"富邦悍將",TRUE,FALSE,0.0204728406793485,-0.140166461325369,0.337051316329515,-2.56464430740222,-0.927491098725305,-1.33196492372675
"樂天桃猿",FALSE,TRUE,-1.18789693779893,-1.82214753126128,0.194844994579163,-1.65707023075729,-0.0706980145801907,0.475824692911253
"中信兄弟",TRUE,TRUE,-1.84330187137699,-2.33238761933662,-0.559466972223605,-4.62855905259559,-1.25241763625433,-1.14163390140833
"味全龍",FALSE,FALSE,-4.03246239931409,-0.995235079824239,0.91518178674024,-2.30174775907956,-3.21451049125268,0.449710831240555
"富邦悍將",FALSE,FALSE,-2.0021063293193,0.56083795176831,0.880197529193139,2.45471203109294,-1.63178962050441,0.348249773898424
"樂天桃猿",TRUE,TRUE,0.597508492617109,-0.14466359452923,-0.212257101993849,-0.938859158639065,0.104726742377654,-0.398788714270528
"中信兄弟",TRUE,TRUE,1.5988325106895,-1.90198282349695,-0.214465686924054,-0.932727194182731,0.527324262949663,0.781933013747299
"味全龍",FALSE,FALSE,-1.29558759600711,0.325135117835294,0.345879655338326,1.58145158426594,-1.98289850195053,-1.61044026696418
"台鋼雄鷹",FALSE,FALSE,-1.87594876219159,1.34186942189626,0.0604562211778177,3.95376238763227,-0.504042665655197,-0.0531121528882088
"統一7-ELEVEn獅",TRUE,TRUE,4.22443854420632,1.69228207366235,0.738000444635636,0.159985290517762,0.96363379061569,0.208322720135186
"台鋼雄鷹",TRUE,TRUE,2.45668103478322,2.01728313010229,-1.30394835065588,-0.0257154304518132,0.504030497380066,0.302953729876476
"統一7-ELEVEn獅",FALSE,FALSE,-1.26844861696423,0.810397606345814,0.78975575455035,3.59862071682039,-0.472372110234756,1.08513904663242
"台鋼雄鷹",FALSE,TRUE,-1.17321293709342,-0.299190056776713,1.52131564605071,2.38643102351068,1.22849538682802,-0.401423888983505
"統一7-ELEVEn獅",TRUE,FALSE,4.45356783645159,1.51743502486259,1.46476234270725,-2.1481364027174,-0.589783269474245,-0.814113917485835
"台鋼雄鷹",FALSE,FALSE,-0.245819573093939,0.262326088952557,0.280594631970206,2.00678984519168,-1.89772531855201,-1.32436169310395
"樂天桃猿",TRUE,TRUE,3.10920891917577,-2.03681135234542,-0.545374558246692,-0.599481596290412,0.337255049031542,1.41783595434904
"中信兄弟",TRUE,FALSE,-1.82643757112089,-0.0729056512909751,0.0782802106928199,-0.442606151636697,0.14382828604207,1.60207049159085
"富邦悍將",FALSE,TRUE,-1.95747036078251,0.389369795327712,0.0736133015111387,-1.81224606275287,-0.478336214627347,0.326042594129081
"味全龍",TRUE,TRUE,2.7749278005077,-3.1446927398512,-0.332618123717959,-1.85174766074601,-0.0981818554538776,-0.257618669107651
"統一7-ELEVEn獅",FALSE,FALSE,-2.32196532073493,-0.144298120581004,1.42323980213888,-0.0347721993986907,-2.75980608988024,-2.04848850904241
"台鋼雄鷹",TRUE,FALSE,3.82074451814044,0.828891988294935,0.549090503129972,-0.0909933929354294,0.260169506059564,0.425920058750907
"樂天桃猿",FALSE,TRUE,-0.877934290920682,0.797188510156333,0.67156138603304,3.1169670001991,1.15236928513059,-0.986329938380046
"中信兄弟",TRUE,FALSE,-0.621500081021557,2.07228499762188,-0.641601820543224,-0.513890216531585,0.469982296900222,-0.478533716890128
"富邦悍將",FALSE,TRUE,0.0507976873367855,-0.662232103036328,-1.15309566301461,1.16898284822143,1.40577561335024,-0.363324499209254
"味全龍",TRUE,TRUE,-1.4431751049532,0.20073291507381,0.945477677027213,-0.0932242820435235,2.80585110449324,1.14319821374636
"統一7-ELEVEn獅",FALSE,FALSE,-0.88872353506471,1.44359024522089,0.239805568976785,-1.71582271000693,0.291026821037002,-0.168296006910115
"台鋼雄鷹",TRUE,FALSE,2.89363612111037,1.73100114916286,-0.0579423451604216,1.38962638715166,0.92496998653061,1.11818901102017
"樂天桃猿",FALSE,TRUE,-0.242058698792109,1.66218556829948,-0.826681975995963,2.00162310442635,1.10234106565356,0.483634537481707
"中信兄弟",TRUE,FALSE,1.65329852822556,-2.29172039597105,-0.11205561015885,-0.68912485912908,0.449417905541189,-0.664826929152656
"富邦悍將",FALSE,TRUE,-1.03518269117299,0.564927598065193,0.449189145456769,-0.734561372257907,-0.708510706866763,-2.97867406568486
"台鋼雄鷹",TRUE,FALSE,0.813620771317607,-1.76429927312969,-1.11741214990251,-1.35268389759578,-0.0441767086743379,1.49068891145276
"樂天桃猿",FALSE,TRUE,-1.52718107911208,-0.0857945077008726,0.276902347342245,0.0486254755763498,0.158414110623733,-1.39828324485434
"中信兄弟",FALSE,TRUE,1.58929704788238,-3.96153079166708,-2.66810361703285,3.32621724535991,1.66003582744335,1.00889517244636
"味全龍",TRUE,FALSE,2.4085841605384,2.97076265818239,-1.61717094897477,-1.76857639847692,-0.696332888062754,-2.19062807621914
"味全龍",TRUE,TRUE,3.17626451667317,1.44694322762721,0.539165204742557,1.38747678440852,0.362808678102462,-0.0446386509975655
"統一7-ELEVEn獅",FALSE,FALSE,3.3727138958853,-0.81471343704538,0.232015959176388,2.93121309987245,-0.714546325644976,0.384251105136793
"中信兄弟",TRUE,FALSE,1.87718087597837,1.85799276762014,0.270584287572572,-1.51203920323498,-0.0330240293580889,0.0217545150407295
"台鋼雄鷹",FALSE,TRUE,-2.64739727354984,0.252681920682573,0.923142793771814,2.11021964931665,1.32561331969231,0.0599050523804191
"樂天桃猿",FALSE,FALSE,-2.29055876158481,0.0114724992997323,0.259596293496391,1.86457571588924,-0.620232354903976,1.53864553850047
"統一7-ELEVEn獅",TRUE,TRUE,-1.46100611974485,1.9638247685434,-2.51512967474224,-1.8063704575098,0.153720999416608,0.640210740839973
"中信兄弟",FALSE,FALSE,-1.61065163750718,0.506531914615556,0.33362726841949,1.69258994859103,-1.0128945764467,1.49949595004096
"台鋼雄鷹",TRUE,TRUE,0.195099035059244,1.32066673787324,-1.8224107472473,-0.858670796795878,0.328785745772587,0.706910535976289
"樂天桃猿",TRUE,FALSE,2.37346536809037,-0.630168575397182,1.08006574793358,0.843997350965494,0.233887220124555,0.1455167951528
"統一7-ELEVEn獅",FALSE,TRUE,0.950522380649286,-0.514847398292126,0.652425840691321,0.637145123309843,0.278564665644986,-2.31816565129547
"味全龍",TRUE,FALSE,-2.30228516766113,0.229661219239048,1.06351135895928,-1.60676255169209,-0.0893191774673983,1.21802111701623
"富邦悍將",FALSE,TRUE,-2.15806980118747,-0.393895259300947,-0.477387147680158,-0.989406792487293,-0.392787089190871,0.358952583792122
"味全龍",TRUE,FALSE,-0.548517230401802,0.850615201180426,-1.75866057365627,-1.20177613169744,0.219699639948893,1.37442797229018
"富邦悍將",FALSE,TRUE,-1.84313145969682,-0.0253724553005626,0.35845902940174,0.264970451055551,0.717523014288649,1.29415980831553
"台鋼雄鷹",FALSE,TRUE,-2.2541933241499,0.471792631000584,-0.459184811155967,2.47526967087061,0.966168892047952,-0.121387681050394
"富邦悍將",TRUE,FALSE,3.57624837554415,0.327920434643598,0.0929838589133968,-1.83471875649807,0.436791890906071,0.0758111440874233
"中信兄弟",TRUE,TRUE,1.56681047527984,2.01405751947289,-3.26851563684377,0.543964748109713,3.76774693875117,0.434039395734594
"統一7-ELEVEn獅",FALSE,FALSE,0.844886286410235,2.32503457719725,-1.80766121535702,1.81832334214627,3.17951511620026,0.557798667695107
"味全龍",TRUE,FALSE,2.83309732519707,0.829981713058495,0.622503018806916,0.507956186562777,0.523661498158209,1.1365023779421
"樂天桃猿",FALSE,TRUE,0.883266243059747,-0.346686235641138,-1.56557712956832,1.14917302935338,0.730312001886394,0.620157477309243
"富邦悍將",FALSE,TRUE,-1.36861341243924,0.513204393407647,1.82023260506288,2.64250555919162,1.16230624367674,0.127664272652103
"樂天桃猿",TRUE,FALSE,3.09450968688243,0.234508086616969,-1.38208313160268,-0.454119672704828,0.207558553897395,-0.573485708622968
"台鋼雄鷹",TRUE,TRUE,1.27325677916678,0.00176866234838846,-0.726236303839991,-1.96450727484969,-0.628257918056901,1.21344982183834
"富邦悍將",FALSE,FALSE,-2.77648560666124,-0.547550369176879,0.726557262810216,0.557630968656385,-1.35187476788924,0.751671338974378
"中信兄弟",TRUE,TRUE,3.0639771084401,-1.62972504694826,0.872988177332306,-0.516331653861176,0.174996322661047,0.139841484890673
"統一7-ELEVEn獅",FALSE,FALSE,-0.721235752718992,0.331310396922379,1.33202627061959,0.166396987371158,-2.05622567072195,-1.36821955243894
"味全龍",FALSE,FALSE,-0.635710591848192,-1.3610711917054,-0.282286404991882,2.3639103888943,-1.38675318117137,-0.518068966768642
"樂天桃猿",TRUE,TRUE,3.74174161127795,0.247749575581066,1.30961718922072,-1.68527566802852,-0.281267735459524,-0.405604949628953
"台鋼雄鷹",FALSE,TRUE,0.731360650146984,0.495761355954442,1.04434095401027,1.72762117550004,1.07072925778954,0.0124139506158995
"富邦悍將",TRUE,FALSE,2.49986322471128,1.42492012696094,0.943203430090243,-0.251846483525578,0.899291338182136,0.198880387984951
"中信兄弟",TRUE,TRUE,3.15413753522928,-2.55950784116173,-1.93076791299495,0.848529143755399,1.02126710475656,1.12467390571257
"統一7-ELEVEn獅",FALSE,FALSE,-0.398435086081985,1.65561646624924,-0.945649909379962,3.21254319576996,-1.6969844266494,-0.812111670692285
"味全龍",TRUE,FALSE,-1.08240830238479,-1.42795741711357,0.37988309965593,-1.40715464587437,-0.332359354351405,1.79583149319249
"樂天桃猿",FALSE,TRUE,-2.24479721090435,-0.0296604037457724,0.04399093256835,-2.21292655181709,-0.97419183584816,-1.19473331277723
"台鋼雄鷹",FALSE,FALSE,-1.3264803606943,-2.75435257694152,-0.16539789805115,1.10423729336662,-1.71017471256775,0.787566551970529
"味全龍",TRUE,TRUE,0.181760871790762,-0.491888453347665,-1.52338057459033,-3.96533827677067,-1.44453026816073,-1.60645874885064
"富邦悍將",FALSE,TRUE,-0.908237649155395,0.672766343896838,0.938324195840709,1.28711665235841,0.596446161047757,-0.686119009897638
"統一7-ELEVEn獅",TRUE,FALSE,5.38301584199298,-0.811784863982447,1.02568149445187,-0.548347841199502,0.863793557212848,-0.0342443388749163
"台鋼雄鷹",TRUE,FALSE,0.817735009427334,-0.438646907875556,-0.915455713745842,-0.832622288212931,0.0972916228334885,0.58050088333749
"味全龍",FALSE,TRUE,0.0774152203327193,0.15135304621875,1.10693655652996,0.382353080522072,0.900696082608523,-1.26314719522075
"富邦悍將",TRUE,TRUE,-0.978813609988376,-1.23269009239154,-0.199789380944563,-3.36369756882321,-0.899814618374775,-0.302659846311809
"統一7-ELEVEn獅",FALSE,FALSE,-3.31210225418698,-0.464746027869633,0.477326306201392,-0.971468219101744,-2.7806489369759,-1.57715487208091
"台鋼雄鷹",FALSE,FALSE,-1.85124734345008,1.44813013533699,-0.868292503783242,2.20278297973978,-1.11477078086932,1.23840964147963
"統一7-ELEVEn獅",TRUE,TRUE,-0.79324414309685,1.41790354299056,-0.684156683279406,0.223582977912836,1.1791340984439,0.260784955045779
"中信兄弟",TRUE,FALSE,-3.19425571117308,-0.12946838769692,-0.181839210956178,-2.69952543992478,1.86583271602453,1.69676491687237
"樂天桃猿",FALSE,TRUE,-3.38900507935503,0.0593671108178404,0.00727656199152474,-3.18518137174128,1.79703791261431,0.675493215179575
"中信兄弟",FALSE,FALSE,2.15203172044234,0.258127288436117,-0.209300792064084,3.56269378679264,-0.819008363087081,-2.23216111635734
"樂天桃猿",TRUE,TRUE,3.84284650827127,1.35588480167375,2.13068785635988,1.89171097817076,0.662424801580042,0.0480982215525683
"富邦悍將",TRUE,TRUE,-0.526213593870829,-1.4672936878844,-1.47221035252943,-2.84644671558822,-0.773249889982074,-0.960296249126108
"樂天桃猿",FALSE,FALSE,-1.06942938279215,-0.784037293896941,2.25444732468596,-0.93271739660362,-2.72359069122396,0.368309907421682
"台鋼雄鷹",FALSE,FALSE,-1.16479998611824,-0.195586111504474,-0.445477932273863,2.88972615828026,-0.373547611341502,0.649131818461878
"統一7-ELEVEn獅",TRUE,TRUE,0.0135462025284506,2.29661522650198,-1.29072062793899,-1.9111488848536,-0.115840483373251,0.203156898474726
"中信兄弟",TRUE,FALSE,-2.21297931710492,0.663672679630862,-0.488321229575671,-0.191593479768558,-0.0223280054508742,1.28437742201846
"味全龍",FALSE,TRUE,-1.59202352569356,0.411184926367917,0.37975763301358,-0.773040993381157,0.348801103075316,0.713615925688142
"富邦悍將",TRUE,TRUE,0.733407221164251,-0.997923260557777,-1.47468807215368,-0.917485899804811,0.340151794367129,0.473347108243201
"樂天桃猿",FALSE,FALSE,-2.03195353096415,0.645231925196233,-0.661981507602672,1.01426275307479,-1.90078290704004,-0.543510779417504
"台鋼雄鷹",FALSE,FALSE,-1.94108351733752,-1.9326918213143,0.247037271968997,2.26878584296857,-0.98971714860398,-0.438895725256073
"統一7-ELEVEn獅",TRUE,TRUE,1.11214009971847,0.242329681060059,-1.903988093751,-3.11219708357115,-1.20651848492113,-1.12393864005002
"中信兄弟",FALSE,FALSE,-3.42161996583007,-0.187965757016426,0.318946703133598,-0.989407116643392,-2.34946216733607,0.00628230747804614
"味全龍",TRUE,TRUE,-1.6933041995107,-1.46013705718512,-1.48228275906028,-2.14496542360537,-0.54152646632859,1.08962899031253
"富邦悍將",FALSE,TRUE,-1.68712467116973,1.17976514018181,0.614222874554971,0.540963331770403,0.499266119869702,-1.66413480456274
"樂天桃猿",TRUE,FALSE,0.853993152149607,-0.22612092439436,0.860408566334163,0.70094318140728,0.404426226398432,1.0135356582693
"台鋼雄鷹",FALSE,FALSE,0.352940941716195,0.590989700828986,0.572529327097005,0.800152532419892,0.507735423227523,-0.95320938603583
"統一7-ELEVEn獅",TRUE,TRUE,1.65294300835657,-0.220293403872843,0.794243647321426,-1.17189380769938,2.76953407042082,-0.685551218752515
"中信兄弟",TRUE,TRUE,-0.348574942482166,-1.16228479076483,-1.46378502645671,-0.766104377027056,-0.0569829499365358,-1.49719536117822
"味全龍",FALSE,FALSE,-0.380960903790233,-1.06944553621679,1.14202626207363,0.116955216159447,-2.11581950066599,0.113566426043659
"中信兄弟",TRUE,FALSE,-1.49338842802923,-1.53471616066383,0.571123859875224,-3.07275446761667,4.02960294581263,0.379582922186874
"味全龍",FALSE,TRUE,-2.53169764869019,0.508744292292516,1.39574142207243,-4.18769870411914,3.03608405447263,-0.860420121113995
"樂天桃猿",FALSE,FALSE,-1.31935832505295,-0.567932881356619,1.94828094848128,2.69313010611816,-0.922571217698166,-0.438207512973633
"統一7-ELEVEn獅",TRUE,TRUE,2.26547124505074,0.453611237043868,-0.832640895844372,-2.92544764530858,-0.824650872920787,-2.08033659160546
"中信兄弟",FALSE,TRUE,-0.643205359422433,0.316380841654082,1.69137748246019,-0.296741225930624,-0.0118071171166828,0.48150000317338
"富邦悍將",TRUE,FALSE,0.804443220523672,-0.924961094006866,-0.850761432072656,-0.770410307957481,0.129853853867987,-0.132826309545854
"台鋼雄鷹",FALSE,FALSE,-2.97091965246862,0.478757922728376,-1.22083443566784,1.48455512090052,-1.03474238143953,-1.03913418717067
"味全龍",TRUE,TRUE,1.85498969994509,0.660188318235853,-0.279805017693227,-0.856957127633234,0.248184300609442,2.09205878052894
"味全龍",TRUE,FALSE,4.88224538788315,-2.37668266000021,0.288586687293164,-2.43472642501536,-0.658658655342117,-0.603842302830206
"樂天桃猿",FALSE,TRUE,-0.466725850120891,-0.863488670457441,1.60962950175683,0.853924795092536,0.0768576227521321,-1.72395550771179
"中信兄弟",FALSE,FALSE,-1.35778232069827,0.722605855081966,-0.435896051553095,1.6154656968393,-0.284074891375185,0.993347322687597
"統一7-ELEVEn獅",TRUE,TRUE,-0.750159874935677,1.52272793730186,-0.77749787073408,-0.761467587353289,0.56735497755512,0.795343793171005
"台鋼雄鷹",FALSE,TRUE,-2.6696855685625,0.130397842873209,0.154778757403525,-0.491418655919338,-0.0392909579903697,-0.251943358845524
"富邦悍將",TRUE,FALSE,-0.526543227564721,-0.933343240760266,0.810664804532091,-1.65860140978234,0.666233266881571,0.157142610219649
"味全龍",FALSE,FALSE,-0.85020938017071,-0.805200338024267,2.06761824699596,2.98924814778913,-1.17971083922371,0.890596765586133
"樂天桃猿",TRUE,TRUE,2.62828946986765,0.23013348303697,-0.870435899907681,-2.45522849514291,-0.794250135635572,-0.263044466936915
"中信兄弟",TRUE,FALSE,1.19760160849276,-2.43993348001899,-0.779813295026184,0.56193912145744,0.952391718888688,1.33494552036819
"統一7-ELEVEn獅",FALSE,TRUE,-1.49700738502314,1.6029784946484,-1.46461040361672,-0.856520661420782,-0.705969752493193,-1.64165671883802
"台鋼雄鷹",FALSE,TRUE,-0.22129386036828,0.822559631777243,1.14676553949649,-0.124361893339278,0.657066535162216,1.04662161552906
"富邦悍將",FALSE,FALSE,-1.27663745827627,0.92841465406606,-0.551371691632997,0.260874592747045,0.572905883449788,0.0926821145905505
"富邦悍將",TRUE,TRUE,3.59071688103862,-1.41315186975537,-0.0113110711864785,-0.192411865343886,0.807987837446071,1.29868162874025
"樂天桃猿",FALSE,FALSE,-1.98081274178191,0.922737610412725,-0.082105114362522,1.22569089764017,-1.60114747407954,-0.617138664364546
"中信兄弟",TRUE,TRUE,-0.62642920118682,0.445816245476294,-0.54211266543135,-0.593513917535034,-0.120048062581161,1.71833143075342
"味全龍",FALSE,FALSE,-2.41859122069074,0.473077713901553,-0.202609766491067,0.477029760017753,-1.61344284099898,1.13594341364787
"富邦悍將",FALSE,TRUE,-1.78612577167827,-0.968418054110916,-2.57117536996121,5.06098808323224,-7.2995413494238,0.834271668566491
"統一7-ELEVEn獅",TRUE,FALSE,0.585857748460803,-0.632138615463668,-2.66212891165113,4.03637616487575,-7.7156938414673,1.07000055621922
"台鋼雄鷹",TRUE,TRUE,4.8064874165294,0.658151794233339,-0.0912563617296406,-1.96707807621452,-0.127026526716293,-0.0339362750283157
"樂天桃猿",FALSE,FALSE,-1.4631902876947,-0.274990619052684,1.34551994099669,4.4391261693327,-0.573242762260591,-1.09390829386992
"中信兄弟",FALSE,TRUE,-1.72299404619392,-0.448331482622558,0.353406434759672,0.609030589098035,0.363034681404247,1.95725063494383
"味全龍",TRUE,FALSE,0.829514735671342,0.806841573058497,-0.00239120342502236,-2.26029583907389,-0.570371137591005,1.31331138439187
"富邦悍將",TRUE,TRUE,-1.40383462336434,0.237003989339498,-1.14348390410706,-0.209991696753999,0.637051177859487,1.0399162258172
"統一7-ELEVEn獅",FALSE,FALSE,-0.900718232141559,0.633230182758051,-0.120469072983118,-0.453044371179554,-2.04860750887062,1.43304753889131
"台鋼雄鷹",TRUE,TRUE,2.25436827176533,1.84007995669389,-0.203166950557215,0.977913422523935,0.690281287280938,0.606746697885537
"樂天桃猿",FALSE,FALSE,1.4942545297152,0.826554003131493,0.375244412552035,2.79144135088966,0.638196637162244,0.9890402596376
"樂天桃猿",FALSE,TRUE,-1.88658049988599,0.2163590377145,0.7114462622255,-2.92576644382859,2.14607282393969,0.193073809051087
"統一7-ELEVEn獅",FALSE,FALSE,-2.9178514419858,0.157194907923936,0.330010498859158,-1.10619607710029,0.486664703784977,1.08201471050064
"中信兄弟",FALSE,FALSE,0.182956581679808,-0.657091912529252,0.0911797134172843,3.41995916653698,-0.551879468949563,1.51874001179719
"富邦悍將",TRUE,TRUE,0.750638669202847,2.1374309570989,-1.86607172624512,0.0158815200710772,0.471623925773214,0.431154377713524
"台鋼雄鷹",TRUE,TRUE,2.06628510408016,-1.63049691039136,0.45098879676404,-1.78254545069908,-0.46950690066766,0.0956548103378927
"味全龍",FALSE,FALSE,-0.619190595039603,-0.379806399696567,1.71563077846081,-0.132705524933957,-2.12790453526393,-1.14919381728522
"中信兄弟",TRUE,TRUE,-2.2242879986067,1.03500517757613,-1.90154065249645,-1.37329096460719,-0.0167262318274436,0.518104703556592
"台鋼雄鷹",FALSE,FALSE,-0.765156876985652,-0.242320179975221,0.572588589897274,1.0451896031981,-1.36186593165005,1.90050133786731
"台鋼雄鷹",FALSE,TRUE,-3.231325596656,0.369419500983189,-0.48442356639497,-1.20484211392561,0.00840087966288844,0.784067108281266
"味全龍",TRUE,FALSE,-1.17259111784505,-0.36192313212243,0.355202990228729,-0.770741203119855,0.297224334426085,1.40442517492533
"富邦悍將",FALSE,TRUE,0.751519216307719,0.561421841409466,1.75575288057022,0.912597036240401,0.559132186427521,-1.17336203434521
"樂天桃猿",TRUE,FALSE,1.73884104171749,-0.243164038461325,-0.656508547478627,-0.230689108002121,0.587348682730283,-1.55602676033034
"味全龍",TRUE,TRUE,1.47176044748324,-2.71556264626794,-2.46178776055562,-0.334634151644975,0.45078775403399,-0.0303950593001552
"統一7-ELEVEn獅",FALSE,FALSE,-0.338779795812489,-0.575824826814776,-0.142414987345114,0.046536676827267,-2.33802201417912,-0.528721312207267
"中信兄弟",FALSE,TRUE,1.17938873278603,-0.146766273553336,-1.93319638387839,-2.20753762682499,-0.607441897393619,-0.353338349903458
"台鋼雄鷹",TRUE,FALSE,-0.984043181045554,0.116774485072878,-0.150308706286115,0.547240171969517,0.762652729176168,0.73015211890769
"富邦悍將",FALSE,TRUE,-0.451038704524331,-0.501349630941844,-0.488387514470346,1.82105145817445,0.904891598485023,-0.823769921138692
"樂天桃猿",TRUE,FALSE,1.34671666688567,0.414054894148708,-0.407013588413287,-0.148899442260453,0.0407704712205436,-0.225121799998111
"味全龍",FALSE,TRUE,-2.09045226001876,-0.0609433047709292,1.18038513274496,-4.29583969174309,-1.18922738455309,-1.90522029759178
"統一7-ELEVEn獅",TRUE,FALSE,-0.487727783777783,-1.35856215844701,1.09193909030405,-1.76611785733129,-0.0781664981511493,-0.250913279395798
"台鋼雄鷹",TRUE,FALSE,0.528483650067941,-1.28345887656547,-0.237393424652143,-3.01860868783334,-0.915129730063495,0.947906718035505
"統一7-ELEVEn獅",FALSE,TRUE,-3.0477980809961,-0.832570132467078,0.86552854914704,-0.457343847751486,-0.455596600389933,1.12073503109455
"中信兄弟",TRUE,FALSE,-1.30788065410184,0.220617257897892,0.401905247042259,-2.74181851744087,-0.863125521503443,-0.0527728522812864
"樂天桃猿",FALSE,TRUE,-3.44911303468734,-0.557186872915757,1.08862201506001,-0.915186109399485,0.288575025816765,1.16415635763455
"味全龍",FALSE,TRUE,-0.188384414845464,0.42779187945546,-0.0165939930816379,0.117341342588155,2.57968503613733,-1.3076173546681
"富邦悍將",TRUE,FALSE,2.73254343510504,-0.172024228744661,1.3381314706343,-1.90923147849681,2.80490993275983,0.00754827616672967
"台鋼雄鷹",TRUE,FALSE,-0.650477491636088,1.36889368431443,-0.629947967145939,-0.666074963216601,2.66599936749457,1.77311933803156
"統一7-ELEVEn獅",FALSE,TRUE,-1.35253835967913,1.11598264786203,-0.747920808464348,-0.521937866894853,2.73222156324527,1.34242899599743
"中信兄弟",TRUE,FALSE,4.54496482967616,-1.22507379589875,-0.684889132370672,1.25610045893932,0.370972837053299,-1.31499702713688
"樂天桃猿",FALSE,TRUE,1.95253254522613,-1.36383813929292,0.129057024866478,2.3213939166538,0.970447077893519,-1.15365019718376
"樂天桃猿",FALSE,TRUE,-0.98909932638833,0.796543624927227,0.124240813251597,3.09471814749454,2.03035031827523,-1.59637963420138
"統一7-ELEVEn獅",TRUE,FALSE,2.54106064279788,3.0268424503366,1.2579371138125,-0.317653616188368,0.81252077108224,1.07896768130409
"味全龍",TRUE,TRUE,-0.591983828840043,-0.684471740373564,2.06340894582057,-1.13367009207727,5.36715673685401,1.03600349674264
"富邦悍將",FALSE,FALSE,0.208549449565975,1.50405373206162,-0.704937142727293,-4.08525958115307,1.11507674878309,-2.60253259444667
"台鋼雄鷹",FALSE,TRUE,-1.38873695793134,-0.563481370106457,0.0053077562450711,1.08693058801916,0.902880940807226,-2.38370243952915
"味全龍",TRUE,FALSE,2.53748255328824,0.942915279759148,1.66878277784378,-2.70589621534417,-0.275000806827244,-0.131907075742699
"樂天桃猿",FALSE,TRUE,-3.34649652520133,-0.363080708309252,1.33592204349274,2.76192690407344,1.19723095564124,-2.58047599527571
"統一7-ELEVEn獅",TRUE,FALSE,5.19066632754276,0.299655482107475,2.49820317817718,-2.81494384191816,-0.282469290398202,-0.85864504804975
"中信兄弟",FALSE,FALSE,-1.04987825757135,1.43628215749637,-2.06057941788161,1.72925701852667,-1.53543557748764,0.122657043796014
"富邦悍將",TRUE,TRUE,2.4863708985619,-0.37728793036198,-1.56686456123062,0.284747114074082,1.35278250253585,0.743429687118544
"富邦悍將",FALSE,FALSE,-2.78400289099714,-0.995085997236403,2.1272147392092,4.51115186551992,-0.332886417667468,-1.18916137921037
"統一7-ELEVEn獅",TRUE,TRUE,4.2032984355062,1.38368312125965,0.803825915510409,-3.84522024719019,-1.19256900228721,-1.66874408298497
"中信兄弟",TRUE,FALSE,1.32292401672551,2.39196577734931,0.563671011884341,-0.812015221201518,0.0698411459865942,1.55308509123366
"富邦悍將",FALSE,TRUE,-1.74166735426255,0.372153464003393,-0.142599830337778,2.97349514303129,1.42974993321682,0.29179827566579
"中信兄弟",TRUE,FALSE,-1.58111275327796,1.82628895814388,-2.146129381234,-0.150786451443887,0.5280820466433,-0.698476481397885
"台鋼雄鷹",FALSE,TRUE,-1.14670579286454,-0.515401516888643,-0.299964894749238,0.651056147256286,1.0934883279984,2.0181190670847
"味全龍",FALSE,TRUE,-2.20732829423184,-0.339036399227333,-0.0348978897902668,-0.722079486856371,-0.0969803005151998,0.195421429313147
"樂天桃猿",TRUE,FALSE,-0.40618766925972,-1.00228913116031,-0.366067377567098,-1.58615548468067,-0.116769654314293,2.19060532491239
"富邦悍將",FALSE,FALSE,-2.38426670513032,0.252280169084613,-0.617638109318226,-0.282222171820089,-1.74245103746392,0.861020734642163
"統一7-ELEVEn獅",TRUE,TRUE,-1.26338636337909,-0.0325687669268747,-0.675717294174414,-1.56306027099166,0.652871019285715,0.607244341446998
"中信兄弟",FALSE,FALSE,-3.281432194342,0.761953027516402,-1.37508347136689,1.15169541033729,-2.10112911954416,-0.906426391932069
"台鋼雄鷹",TRUE,TRUE,0.215173299929931,-1.99696952602409,-0.481230304721911,-0.71472166662132,0.385563349947076,3.26487712604945
"味全龍",TRUE,TRUE,0.0442230634677245,1.64963558032489,-0.476709783936457,-3.53687844116348,6.73593556529601,-1.84981357472702
"樂天桃猿",FALSE,FALSE,-0.666609348023469,-0.261196872477476,0.874286443895979,-1.30923846381591,5.87656451923572,0.952551049053443
"富邦悍將",FALSE,FALSE,-2.12813337764601,0.853790223302585,0.486824659951185,1.90434162083938,-1.73370735072433,0.0420560893146501
"統一7-ELEVEn獅",TRUE,TRUE,1.4815098614164,-0.419843448760233,-0.256072148402822,0.575917910016239,0.195668420485998,1.76019214110722
"中信兄弟",TRUE,FALSE,0.907306903745983,1.48857562570872,0.383692865684821,-1.23735348212726,-0.0153320374119228,1.26700651737342
"台鋼雄鷹",FALSE,TRUE,-2.45770427894773,0.0283759978524563,0.448892829019555,1.09051548148603,0.981017700182448,-0.238863871742151
"味全龍",TRUE,TRUE,0.622686909934616,-0.290276498363668,-1.03470899316967,-1.12411228898611,-0.884736127185163,-0.530567097049426
"樂天桃猿",FALSE,FALSE,1.49642813095274,-2.89816824912027,-0.262794252937851,2.15842027493569,-1.68856488193127,0.314723883751177
"富邦悍將",TRUE,FALSE,-1.45446196223051,0.467775308285024,0.614319278053921,-0.283190961938658,0.4149597488591,0.977176555902219
"統一7-ELEVEn獅",FALSE,TRUE,-1.79164671682663,0.5932975744186,0.271738534481725,-1.23183809984836,0.583371976601501,-0.575119869015023
"味全龍",TRUE,FALSE,-0.633473210136589,0.481842825624015,1.40634930536409,-1.40112708306015,-0.507378323830828,0.00249863749621926
"樂天桃猿",FALSE,TRUE,-0.534817244399648,-0.481394377889683,2.10023898369479,-0.48586484998454,0.446701165457102,-0.190994684282951
"中信兄弟",FALSE,TRUE,0.215604308909706,-0.828505928235746,-0.114175233764139,-0.244967141061933,-0.215005602849671,-0.0481798660954292
"樂天桃猿",TRUE,FALSE,0.689582519349349,0.14041456190395,1.47753613151393,-0.334634151644975,0.45078775403399,-0.0303950593001552
"台鋼雄鷹",FALSE,FALSE,-0.289848270733771,-2.1881090574114,0.484481712590695,1.24868219979028,-1.70152540385956,1.02783536941547
"富邦悍將",TRUE,TRUE,-0.855526958278505,-0.404824872838139,-1.89935455428827,-2.3241836236588,-0.852930578690805,-0.988921756854549
"味全龍",FALSE,FALSE,-1.22757644354705,0.330979249642538,0.0225922370168845,3.18955189376388,-1.59660649677051,-2.45708570431814
"統一7-ELEVEn獅",TRUE,TRUE,3.23297452292537,-2.21075895712499,-0.998433344016247,-1.32112000673393,0.323033182399987,-0.477847127574487
"中信兄弟",FALSE,TRUE,-1.54387927654299,-0.904333570148565,-0.215576293970046,-0.664173437531347,0.122418734323821,0.846463288062164
"樂天桃猿",TRUE,FALSE,-1.6427743810751,0.404231713461976,0.412566001127639,-0.438300220706271,-0.0430085177624526,0.237701439958485
"台鋼雄鷹",FALSE,FALSE,2.73966342479194,-0.573655843499459,1.32859121503598,2.73398206157,-1.39751132847299,0.632270063382145
"富邦悍將",TRUE,TRUE,3.71269768664973,-0.442944654349838,0.346711117749461,1.36405896124924,0.375355551834232,-0.764671233592763
"味全龍",TRUE,FALSE,4.21229630138431,0.140401017541589,1.81755216666168,-1.49066594440073,0.202401022631385,0.893890337554459
"統一7-ELEVEn獅",FALSE,TRUE,-1.26211406682556,0.016804591009386,-0.0470541445735431,2.42760000317422,0.645745341118115,-1.8650147072281
"中信兄弟",FALSE,TRUE,0.243304618702815,1.61240338440011,0.671793187818342,2.39174898840437,1.58820818456645,1.62247481341573
"統一7-ELEVEn獅",TRUE,FALSE,2.41311165962237,1.80809278379857,-1.23656661466245,1.28015019447657,1.12781647604838,0.460332112556117
"台鋼雄鷹",FALSE,FALSE,-1.56381616393364,-1.52696305995327,-0.236057624070717,1.46821000883399,-1.58363594371733,-0.598532584898861
"樂天桃猿",TRUE,TRUE,-0.767879069748104,0.845405155680433,1.20577847559676,-2.4790145039875,-0.907475741422577,-1.32525953401489
"味全龍",FALSE,FALSE,-1.92851095141318,-0.23949629435501,-0.524898245453635,-0.913842343862497,1.08789748511682,-0.0226945285678057
"富邦悍將",TRUE,TRUE,1.47305097289635,-0.0649364037920955,1.66151797519475,-3.5509980510228,1.33619593584016,0.959069312011245
"中信兄弟",TRUE,TRUE,1.55342052391496,-1.30191411414726,-0.653916021262296,-2.95709401535771,6.84319580079516,-1.47775097398516
"統一7-ELEVEn獅",FALSE,FALSE,1.04043751161982,0.925046913091439,1.56634062067639,-1.47255251700298,4.23607819602415,-1.50418264667286
"富邦悍將",FALSE,TRUE,2.02739610995773,-0.922251612990579,0.339735322184207,2.62684595765307,1.53586526203818,-1.80646741622359
"統一7-ELEVEn獅",TRUE,FALSE,3.39791597049422,0.822564204721927,-0.0961598181478891,0.457047196617426,0.398649317201978,-0.285691949091643
"台鋼雄鷹",FALSE,FALSE,-3.97440779053891,-0.931850122932343,0.643550834108265,-0.635456143880905,-2.39740960643489,1.42401618498047
"樂天桃猿",TRUE,TRUE,-2.63642390227248,-0.317771296263346,-0.359764416830784,-3.67078966214962,-1.10428148473795,0.248409604867407
"味全龍",FALSE,FALSE,-0.418532877801957,1.74812047692358,0.756863764591924,0.37096975730173,4.39307051779411,0.790772748411435
"富邦悍將",TRUE,TRUE,-0.379465063095358,2.32857955670673,-1.62483906271339,-1.4669392652053,5.24474482772601,-0.277571249374878
"中信兄弟",FALSE,TRUE,-1.34085898984297,-0.721119386044275,-0.494741328832316,-0.579025317298157,-0.267519306789077,-0.672597433803353
"統一7-ELEVEn獅",TRUE,FALSE,0.735099871339202,-2.45260688605214,-1.25213624005631,-0.770779626775749,0.409936224992037,-0.498649886025687
"台鋼雄鷹",FALSE,FALSE,-1.12951559485746,0.898547530168209,0.209808072452216,1.3986897455483,-1.0122112738433,0.814220761167502
"樂天桃猿",TRUE,TRUE,-0.921599659877952,1.21162623683453,-1.40008512373462,0.0890288637740217,0.5038504920297,0.773610330958444
"味全龍",FALSE,FALSE,-2.7551309008654,0.762980385489867,-0.666356358612694,-0.887679675269423,-2.50613135942609,-0.295717469656545
"富邦悍將",TRUE,TRUE,-1.88109691959985,-0.0775939688516794,1.00337605418071,-0.940356943590012,0.732695895183978,0.843106011375543
"台鋼雄鷹",FALSE,TRUE,-2.64447460207258,0.0196730381489255,0.986070000334857,1.03427794696436,0.15316812816417,-2.91351671997544
"統一7-ELEVEn獅",TRUE,FALSE,5.61156252599682,-2.02368969254747,1.91255180538304,-1.98768514322594,-0.0995760498693984,-1.00652048292448
"中信兄弟",TRUE,FALSE,-1.47135622256744,1.68445821270806,-1.07945250567248,0.314902080599098,0.338423239943427,0.164848482854765
"味全龍",FALSE,TRUE,0.620276859582032,-1.04308537294909,-0.297031029017016,0.515283546763979,1.21133631887653,0.488770964480532
"台鋼雄鷹",FALSE,TRUE,0.260740791060649,1.83499190516038,1.45501155630172,1.57626220472392,0.483829992859873,-1.99185473916411
"統一7-ELEVEn獅",TRUE,FALSE,6.05491274000814,-0.335213150771517,1.06630806946192,1.28652270895767,1.30589054388434,-1.51955642151832
"富邦悍將",FALSE,FALSE,0.16207242321555,1.68969811706343,-0.836744280115819,4.95028288652551,-0.221328997814069,0.631481176173614
"樂天桃猿",TRUE,TRUE,1.40623080514085,3.19795156955669,-0.794082399555284,0.688348964359502,1.41147542257848,0.744062789331085
"富邦悍將",FALSE,FALSE,-2.37832130416721,-0.139059929401903,0.185273258751898,-1.00020046772303,-2.11421757693055,-0.348227792875231
"樂天桃猿",TRUE,TRUE,-1.3774636702592,-0.33722828317859,1.06442417587574,-1.86084120578839,-0.134461646260459,0.945353322579703
"中信兄弟",FALSE,TRUE,-1.12831993524281,0.823496660127694,-0.613446807880426,0.116429686467415,0.564256574840468,-0.147586702700229
"台鋼雄鷹",TRUE,FALSE,-0.0300241948901841,0.835113452781276,1.18915445069096,-0.0968707265531991,0.794625589850216,1.7487833599676
"台鋼雄鷹",TRUE,FALSE,-1.18895979355305,1.60479187740757,-1.07990736521012,-2.40592817747634,-0.751678466656545,1.08738365933363
"味全龍",FALSE,TRUE,-2.54872457171425,-0.562013034870238,0.494632360047246,0.684003407504176,0.786808807374769,1.31131021731081
"中信兄弟",FALSE,TRUE,-2.96097382741873,-0.0763074082567953,-0.337232120732222,-0.818861456143001,-0.425767040776748,0.193095465114166
"富邦悍將",TRUE,FALSE,0.411418826288454,-1.64378058332447,0.675565649662688,-1.83931039181255,0.340303055430528,1.19203122377513
"樂天桃猿",FALSE,FALSE,-1.11212705893546,-0.660174496772455,2.01271265531985,3.02464636718074,-0.585987717624164,-0.965494891192118
"統一7-ELEVEn獅",TRUE,TRUE,3.22014999608769,1.45063978913611,1.25099660473661,-3.06128013090465,-0.989087024476657,-1.51585636163284
"台鋼雄鷹",FALSE,FALSE,-2.71342066094907,0.427910948449035,-1.29962117642216,-0.283738388295777,-2.44411034355775,1.56124779592999
"味全龍",TRUE,TRUE,-1.76582205353682,-0.0704648184316105,0.0356518434530128,-1.46709056609987,0.429193798601128,0.98846499883135
"中信兄弟",TRUE,TRUE,1.93641707458615,-1.43232121379053,0.251317706732654,-0.482507314462611,0.841601995657306,0.646245176143621
"富邦悍將",FALSE,FALSE,-1.92048278119818,1.05209276785547,-1.58215215227976,-0.00775699004035807,-1.54775197803841,-1.24675331109685
"樂天桃猿",TRUE,FALSE,-0.643393318274841,-1.17823881960781,-0.969294161168385,-4.82951927237973,-1.30127766502133,-0.924656896410549
"統一7-ELEVEn獅",FALSE,TRUE,-3.5030912138367,-1.26046008571143,0.979427537770099,-0.923039705739609,-0.145840329080343,0.412398433680629
"台鋼雄鷹",FALSE,FALSE,-2.52282302921297,0.862315236305451,0.796301440222262,2.8362138659327,-1.4004948123986,1.11168078511637
"味全龍",TRUE,TRUE,1.05697220421136,0.293946289323572,-1.42397898866409,-0.64388897908929,0.877155805010554,-0.484346070732562
"中信兄弟",TRUE,TRUE,3.93673338690521,-2.20102997185752,-0.373664942205764,-2.72620139187788,4.69241746799806,-0.907877308700615
"富邦悍將",FALSE,FALSE,2.4438215443997,0.250615853483787,1.05934587928638,0.65654244977885,3.70532672868876,-2.11883953147683
"樂天桃猿",FALSE,FALSE,-1.83358247180735,1.24203987951956,-0.80861403060614,1.83846722199875,-1.04189372445371,-0.602715410219066
"統一7-ELEVEn獅",TRUE,TRUE,1.69222396499383,0.849667178290029,1.5994380147672,0.0937108442261091,0.677492299683192,1.28074902889182
"台鋼雄鷹",FALSE,TRUE,-3.59791789790916,-0.513668319068171,0.980882161596338,-3.38986766042258,1.36145643819887,-0.0273057585698605
"富邦悍將",TRUE,FALSE,-2.88124734261732,-0.0638642918830353,0.820398091558453,-3.90522533742583,1.68968717147178,-0.841830768468522
"味全龍",FALSE,FALSE,0.395161415180706,0.212512128991275,0.233571007746301,0.11491065183443,-1.86784757494474,0.265669665962191
"樂天桃猿",TRUE,TRUE,-0.124458415504339,-1.29409831116244,-1.77057123816808,-0.359547149586814,0.665075034685407,0.361389784436042
"台鋼雄鷹",FALSE,TRUE,1.11416135023916,-0.377235991696464,-0.657782806988594,3.17768380567198,1.38667192308474,-0.587839704931996
"富邦悍將",TRUE,FALSE,6.62488830465568,1.25393866167939,1.7043266679968,0.341288215047813,0.580119619028295,0.00687151883068872
"味全龍",TRUE,TRUE,0.378790801759606,2.35320079777119,-2.06553817965187,-1.17266164088633,0.199504277295798,1.83837918366029
"樂天桃猿",FALSE,FALSE,-2.57602836144804,0.183679728158255,-0.123474565019372,3.5073709165337,-0.457907992870521,2.39284393187708
"中信兄弟",FALSE,TRUE,-3.42751463036212,-0.0907152135998357,0.671523060300989,1.30858821905142,1.00144346470342,-0.0047364583793846
"統一7-ELEVEn獅",TRUE,FALSE,0.422235333028176,1.39439225970218,-0.567904547225064,-2.32679342298977,0.384754318521077,-0.629536856141151
"中信兄弟",FALSE,TRUE,0.454759010263877,-0.367013679988607,0.687147245037037,2.06561596384842,1.21648852904848,-1.09336110978837
"統一7-ELEVEn獅",TRUE,FALSE,3.89936468095352,1.55330509656638,2.27508115530493,-0.887785287751015,0.348981108326815,0.242959324452013
"台鋼雄鷹",FALSE,TRUE,1.80311825894714,-0.821389210815458,-0.154750988809683,1.35975303031882,0.562192355638754,0.599697818039599
"味全龍",TRUE,FALSE,2.96799893911116,0.516161132477384,1.76050634507081,0.388101345783757,0.560514668943814,0.227588152769748
"中信兄弟",TRUE,FALSE,1.38122986788955,1.56284572967204,0.542171499536381,-0.0828168641540783,0.434795100910329,1.4545385468502
"富邦悍將",FALSE,TRUE,0.27265459999945,0.594622003872123,0.343225165923448,1.08335304480671,1.38576025604751,-0.370029888921107
"樂天桃猿",TRUE,TRUE,1.36049002279816,-1.45773161096306,-0.722183147894082,0.118691053072822,0.625391696757189,-1.35985251441406
"統一7-ELEVEn獅",FALSE,FALSE,-0.0998792728705388,-0.558064930443589,0.286702274739993,1.01145199692693,-1.91568651015516,-0.290959154116537
"台鋼雄鷹",TRUE,TRUE,0.767864085221754,0.289633455942322,-0.555463951178217,-3.12802450009265,-1.04837069315323,-0.121013738754325
"味全龍",FALSE,FALSE,-1.53169178414044,-1.98286736030975,-0.323100643525998,1.00620698201722,-1.51309931054495,1.16389188549678
"中信兄弟",FALSE,FALSE,-3.0476909820092,0.291160170880278,0.427275445229503,-1.70071811519608,-2.86532622300464,-0.413226111855833
"富邦悍將",TRUE,TRUE,-2.80246950897284,-0.401537213816081,0.422705968373079,-1.2600051134637,0.260090365156215,0.446525549395789
"樂天桃猿",FALSE,TRUE,0.543905356112462,-0.750095268019611,-0.362794949727259,-0.0384511753020265,3.00987300115138,-1.05452337082754
"統一7-ELEVEn獅",TRUE,FALSE,0.863567551613466,1.46278873794281,0.525553112319334,-1.09429920294447,2.28655273589802,-0.277864983328322
"富邦悍將",FALSE,TRUE,-3.45586998268537,-0.330369057395636,-0.297401709183731,-0.241935148149612,0.865913733283552,0.642276729500447
"統一7-ELEVEn獅",TRUE,FALSE,-1.74468721671973,0.806370869059486,-0.726128924061735,-2.368998513981,-0.224746583846579,0.400017733706648
"台鋼雄鷹",TRUE,TRUE,0.0726073353609946,0.0584042351077338,1.33264116165194,0.471144429932,2.87659191864121,0.79689909876888
"味全龍",FALSE,FALSE,-0.460705375396132,0.431599183657918,-1.65859407941963,-2.01063253521026,1.95059396075075,-1.36165086688115
"中信兄弟",FALSE,FALSE,-2.79411843064157,-0.0193584242155982,0.463712536983499,-0.95307730673914,-0.41534340086717,-0.984770152766569
"富邦悍將",TRUE,TRUE,-1.10172600654112,0.224920409762127,2.13643125933802,-3.33941054258325,2.12671142907363,-0.751117130494187
"樂天桃猿",TRUE,TRUE,1.31833613952164,0.240228043865333,1.30142009351151,-1.1145370607622,-0.438502937962956,-0.207772977159409
"統一7-ELEVEn獅",FALSE,FALSE,-2.14660133262306,0.26803313949388,1.54720039701745,1.10051710138809,-1.96445476369048,0.671930676084064
"中信兄弟",TRUE,TRUE,3.5510554684613,-0.391916553120482,1.17558724036046,-1.43527817881618,0.352237864564985,-1.64284272444805
"味全龍",FALSE,FALSE,-0.844893162301368,0.0463654059275487,2.15430555274879,2.67541340913409,-1.53216507595492,-1.12012542516047
"台鋼雄鷹",FALSE,FALSE,-1.62801180171238,0.571966606138401,0.977347959001347,2.49531797629885,-1.63831065895061,0.846648693200525
"樂天桃猿",TRUE,TRUE,0.466556033697046,-0.177340433789898,-0.72844093786308,-0.542380162444124,0.406490445600146,0.266251137529472
"中信兄弟",FALSE,TRUE,-0.849688764795151,0.39411217827111,0.775826042349962,0.816513552559716,0.94940589231843,-0.710084458607958
"味全龍",TRUE,FALSE,0.357047302086412,1.21698567483927,1.15191262825997,-0.65771057791264,0.377645774337731,0.489933531608807
"台鋼雄鷹",TRUE,FALSE,2.09130685092653,-0.602785325647595,1.18297329358674,-3.4986276899045,-0.962401644656531,-1.65979336229421
"樂天桃猿",FALSE,TRUE,-2.55042319705715,-0.630636182941236,2.00422985606621,0.708059869386464,0.232493025910885,-0.603385019294326
"富邦悍將",TRUE,FALSE,0.27930672400396,-1.44914435572995,-2.32727966425385,-3.32419710396303,-0.874114126905419,0.257360324927869
"統一7-ELEVEn獅",FALSE,TRUE,-3.11097450738905,-0.774066841293911,0.679154330994679,0.0376375954053957,0.729543359849625,-0.513677567728029
"中信兄弟",TRUE,TRUE,2.13903217672872,0.580384252631587,-0.318160694367848,1.56894966204224,1.06796212118794,-0.682489030329244
"樂天桃猿",FALSE,FALSE,-0.62759846948097,1.97206616547787,1.31803237780458,1.88648395202751,-1.06474890250306,0.102990422010408
"味全龍",TRUE,TRUE,0.960339321543114,0.0641262100917969,-1.68897959648017,-0.207110814831808,0.618248847733552,0.693888227279746
"富邦悍將",FALSE,FALSE,-1.64905199504967,-0.454979229373803,-1.57607286096239,2.4616942498147,-1.43780878701883,0.624437760668793
